month,region_id,topic,count,source_sha256
2022-10,KZ-KAR,electricity,47,0b990823c50625f1fa9dbc30f957f2515c19ec80c0dc31500bc2db7b2e7c10de
2022-10,KZ-KAR,heating,191,0b990823c50625f1fa9dbc30f957f2515c19ec80c0dc31500bc2db7b2e7c10de
2022-10,KZ-KAR,housing_maintenance,276,0b990823c50625f1fa9dbc30f957f2515c19ec80c0dc31500bc2db7b2e7c10de
2022-10,KZ-KAR,landscaping,133,0b990823c50625f1fa9dbc30f957f2515c19ec80c0dc31500bc2db7b2e7c10de
2022-10,KZ-KAR,public_transport,379,0b990823c50625f1fa9dbc30f957f2515c19ec80c0dc31500bc2db7b2e7c10de
2022-10,KZ-KAR,roads,44,0b990823c50625f1fa9dbc30f957f2515c19ec80c0dc31500bc2db7b2e7c10de
2022-10,KZ-KAR,sewerage,32,0b990823c50625f1fa9dbc30f957f2515c19ec80c0dc31500bc2db7b2e7c10de
2022-10,KZ-KAR,street_lighting,218,0b990823c50625f1fa9dbc30f957f2515c19ec80c0dc31500bc2db7b2e7c10de
2022-10,KZ-KAR,waste_management,21,0b990823c50625f1fa9dbc30f957f2515c19ec80c0dc31500bc2db7b2e7c10de
2022-10,KZ-KAR,water_supply,13,0b990823c50625f1fa9dbc30f957f2515c19ec80c0dc31500bc2db7b2e7c10de
2022-11,KZ-KAR,electricity,29,0b990823c50625f1fa9dbc30f957f2515c19ec80c0dc31500bc2db7b2e7c10de
2022-11,KZ-KAR,heating,109,0b990823c50625f1fa9dbc30f957f2515c19ec80c0dc31500bc2db7b2e7c10de
2022-11,KZ-KAR,housing_maintenance,273,0b990823c50625f1fa9dbc30f957f2515c19ec80c0dc31500bc2db7b2e7c10de
2022-11,KZ-KAR,landscaping,44,0b990823c50625f1fa9dbc30f957f2515c19ec80c0dc31500bc2db7b2e7c10de
2022-11,KZ-KAR,public_transport,203,0b990823c50625f1fa9dbc30f957f2515c19ec80c0dc31500bc2db7b2e7c10de
2022-11,KZ-KAR,roads,145,0b990823c50625f1fa9dbc30f957f2515c19ec80c0dc31500bc2db7b2e7c10de
2022-11,KZ-KAR,sewerage,30,0b990823c50625f1fa9dbc30f957f2515c19ec80c0dc31500bc2db7b2e7c10de
2022-11,KZ-KAR,street_lighting,113,0b990823c50625f1fa9dbc30f957f2515c19ec80c0dc31500bc2db7b2e7c10de
2022-11,KZ-KAR,waste_management,12,0b990823c50625f1fa9dbc30f957f2515c19ec80c0dc31500bc2db7b2e7c10de
2022-11,KZ-KAR,water_supply,20,0b990823c50625f1fa9dbc30f957f2515c19ec80c0dc31500bc2db7b2e7c10de
2022-12,KZ-KAR,electricity,18,0b990823c50625f1fa9dbc30f957f2515c19ec80c0dc31500bc2db7b2e7c10de
2022-12,KZ-KAR,heating,91,0b990823c50625f1fa9dbc30f957f2515c19ec80c0dc31500bc2db7b2e7c10de
2022-12,KZ-KAR,housing_maintenance,212,0b990823c50625f1fa9dbc30f957f2515c19ec80c0dc31500bc2db7b2e7c10de
2022-12,KZ-KAR,landscaping,31,0b990823c50625f1fa9dbc30f957f2515c19ec80c0dc31500bc2db7b2e7c10de
2022-12,KZ-KAR,public_transport,197,0b990823c50625f1fa9dbc30f957f2515c19ec80c0dc31500bc2db7b2e7c10de
2022-12,KZ-KAR,roads,168,0b990823c50625f1fa9dbc30f957f2515c19ec80c0dc31500bc2db7b2e7c10de
2022-12,KZ-KAR,sewerage,50,0b990823c50625f1fa9dbc30f957f2515c19ec80c0dc31500bc2db7b2e7c10de
2022-12,KZ-KAR,street_lighting,110,0b990823c50625f1fa9dbc30f957f2515c19ec80c0dc31500bc2db7b2e7c10de
2022-12,KZ-KAR,waste_management,20,0b990823c50625f1fa9dbc30f957f2515c19ec80c0dc31500bc2db7b2e7c10de
2022-12,KZ-KAR,water_supply,12,0b990823c50625f1fa9dbc30f957f2515c19ec80c0dc31500bc2db7b2e7c10de
2023-01,KZ-VKO,electricity,30,bfa29295829a3c7830ffa5d0389a2924676f804464e577931d98bf3d8ffa7716
2023-01,KZ-VKO,heating,7,bfa29295829a3c7830ffa5d0389a2924676f804464e577931d98bf3d8ffa7716
2023-01,KZ-VKO,housing_maintenance,13,bfa29295829a3c7830ffa5d0389a2924676f804464e577931d98bf3d8ffa7716
2023-01,KZ-VKO,roads,556,bfa29295829a3c7830ffa5d0389a2924676f804464e577931d98bf3d8ffa7716
2023-01,KZ-VKO,waste_management,8,bfa29295829a3c7830ffa5d0389a2924676f804464e577931d98bf3d8ffa7716
2023-01,KZ-VKO,water_supply,17,bfa29295829a3c7830ffa5d0389a2924676f804464e577931d98bf3d8ffa7716
2023-02,KZ-VKO,electricity,116,bfa29295829a3c7830ffa5d0389a2924676f804464e577931d98bf3d8ffa7716
2023-02,KZ-VKO,heating,8,bfa29295829a3c7830ffa5d0389a2924676f804464e577931d98bf3d8ffa7716
2023-02,KZ-VKO,housing_maintenance,79,bfa29295829a3c7830ffa5d0389a2924676f804464e577931d98bf3d8ffa7716
2023-02,KZ-VKO,landscaping,3,bfa29295829a3c7830ffa5d0389a2924676f804464e577931d98bf3d8ffa7716
2023-02,KZ-VKO,public_transport,2,bfa29295829a3c7830ffa5d0389a2924676f804464e577931d98bf3d8ffa7716
2023-02,KZ-VKO,roads,688,bfa29295829a3c7830ffa5d0389a2924676f804464e577931d98bf3d8ffa7716
2023-02,KZ-VKO,waste_management,8,bfa29295829a3c7830ffa5d0389a2924676f804464e577931d98bf3d8ffa7716
2023-02,KZ-VKO,water_supply,47,bfa29295829a3c7830ffa5d0389a2924676f804464e577931d98bf3d8ffa7716
2023-03,KZ-VKO,electricity,395,bfa29295829a3c7830ffa5d0389a2924676f804464e577931d98bf3d8ffa7716
2023-03,KZ-VKO,heating,3,bfa29295829a3c7830ffa5d0389a2924676f804464e577931d98bf3d8ffa7716
2023-03,KZ-VKO,housing_maintenance,54,bfa29295829a3c7830ffa5d0389a2924676f804464e577931d98bf3d8ffa7716
2023-03,KZ-VKO,landscaping,6,bfa29295829a3c7830ffa5d0389a2924676f804464e577931d98bf3d8ffa7716
2023-03,KZ-VKO,roads,1150,bfa29295829a3c7830ffa5d0389a2924676f804464e577931d98bf3d8ffa7716
2023-03,KZ-VKO,waste_management,22,bfa29295829a3c7830ffa5d0389a2924676f804464e577931d98bf3d8ffa7716
2023-03,KZ-VKO,water_supply,41,bfa29295829a3c7830ffa5d0389a2924676f804464e577931d98bf3d8ffa7716
2023-04,KZ-VKO,electricity,128,bfa29295829a3c7830ffa5d0389a2924676f804464e577931d98bf3d8ffa7716
2023-04,KZ-VKO,heating,3,bfa29295829a3c7830ffa5d0389a2924676f804464e577931d98bf3d8ffa7716
2023-04,KZ-VKO,housing_maintenance,154,bfa29295829a3c7830ffa5d0389a2924676f804464e577931d98bf3d8ffa7716
2023-04,KZ-VKO,landscaping,4,bfa29295829a3c7830ffa5d0389a2924676f804464e577931d98bf3d8ffa7716
2023-04,KZ-VKO,public_transport,1,bfa29295829a3c7830ffa5d0389a2924676f804464e577931d98bf3d8ffa7716
2023-04,KZ-VKO,roads,124,bfa29295829a3c7830ffa5d0389a2924676f804464e577931d98bf3d8ffa7716
2023-04,KZ-VKO,waste_management,8,bfa29295829a3c7830ffa5d0389a2924676f804464e577931d98bf3d8ffa7716
2023-04,KZ-VKO,water_supply,60,bfa29295829a3c7830ffa5d0389a2924676f804464e577931d98bf3d8ffa7716
2023-05,KZ-VKO,electricity,111,bfa29295829a3c7830ffa5d0389a2924676f804464e577931d98bf3d8ffa7716
2023-05,KZ-VKO,heating,6,bfa29295829a3c7830ffa5d0389a2924676f804464e577931d98bf3d8ffa7716
2023-05,KZ-VKO,housing_maintenance,155,bfa29295829a3c7830ffa5d0389a2924676f804464e577931d98bf3d8ffa7716
2023-05,KZ-VKO,landscaping,7,bfa29295829a3c7830ffa5d0389a2924676f804464e577931d98bf3d8ffa7716
2023-05,KZ-VKO,roads,15,bfa29295829a3c7830ffa5d0389a2924676f804464e577931d98bf3d8ffa7716
2023-05,KZ-VKO,waste_management,3,bfa29295829a3c7830ffa5d0389a2924676f804464e577931d98bf3d8ffa7716
2023-05,KZ-VKO,water_supply,73,bfa29295829a3c7830ffa5d0389a2924676f804464e577931d98bf3d8ffa7716
2023-06,KZ-VKO,electricity,94,bfa29295829a3c7830ffa5d0389a2924676f804464e577931d98bf3d8ffa7716
2023-06,KZ-VKO,heating,14,bfa29295829a3c7830ffa5d0389a2924676f804464e577931d98bf3d8ffa7716
2023-06,KZ-VKO,housing_maintenance,259,bfa29295829a3c7830ffa5d0389a2924676f804464e577931d98bf3d8ffa7716
2023-06,KZ-VKO,landscaping,12,bfa29295829a3c7830ffa5d0389a2924676f804464e577931d98bf3d8ffa7716
2023-06,KZ-VKO,public_transport,5,bfa29295829a3c7830ffa5d0389a2924676f804464e577931d98bf3d8ffa7716
2023-06,KZ-VKO,roads,30,bfa29295829a3c7830ffa5d0389a2924676f804464e577931d98bf3d8ffa7716
2023-06,KZ-VKO,waste_management,2,bfa29295829a3c7830ffa5d0389a2924676f804464e577931d98bf3d8ffa7716
2023-06,KZ-VKO,water_supply,52,bfa29295829a3c7830ffa5d0389a2924676f804464e577931d98bf3d8ffa7716
2023-07,KZ-VKO,electricity,113,bfa29295829a3c7830ffa5d0389a2924676f804464e577931d98bf3d8ffa7716
2023-07,KZ-VKO,heating,6,bfa29295829a3c7830ffa5d0389a2924676f804464e577931d98bf3d8ffa7716
2023-07,KZ-VKO,housing_maintenance,253,bfa29295829a3c7830ffa5d0389a2924676f804464e577931d98bf3d8ffa7716
2023-07,KZ-VKO,landscaping,13,bfa29295829a3c7830ffa5d0389a2924676f804464e577931d98bf3d8ffa7716
2023-07,KZ-VKO,public_transport,1,bfa29295829a3c7830ffa5d0389a2924676f804464e577931d98bf3d8ffa7716
2023-07,KZ-VKO,roads,9,bfa29295829a3c7830ffa5d0389a2924676f804464e577931d98bf3d8ffa7716
2023-07,KZ-VKO,waste_management,7,bfa29295829a3c7830ffa5d0389a2924676f804464e577931d98bf3d8ffa7716
2023-07,KZ-VKO,water_supply,36,bfa29295829a3c7830ffa5d0389a2924676f804464e577931d98bf3d8ffa7716
2023-08,KZ-VKO,electricity,129,bfa29295829a3c7830ffa5d0389a2924676f804464e577931d98bf3d8ffa7716
2023-08,KZ-VKO,heating,3,bfa29295829a3c7830ffa5d0389a2924676f804464e577931d98bf3d8ffa7716
2023-08,KZ-VKO,housing_maintenance,235,bfa29295829a3c7830ffa5d0389a2924676f804464e577931d98bf3d8ffa7716
2023-08,KZ-VKO,landscaping,15,bfa29295829a3c7830ffa5d0389a2924676f804464e577931d98bf3d8ffa7716
2023-08,KZ-VKO,public_transport,1,bfa29295829a3c7830ffa5d0389a2924676f804464e577931d98bf3d8ffa7716
2023-08,KZ-VKO,roads,36,bfa29295829a3c7830ffa5d0389a2924676f804464e577931d98bf3d8ffa7716
2023-08,KZ-VKO,waste_management,11,bfa29295829a3c7830ffa5d0389a2924676f804464e577931d98bf3d8ffa7716
2023-08,KZ-VKO,water_supply,64,bfa29295829a3c7830ffa5d0389a2924676f804464e577931d98bf3d8ffa7716
2023-09,KZ-VKO,electricity,82,bfa29295829a3c7830ffa5d0389a2924676f804464e577931d98bf3d8ffa7716
2023-09,KZ-VKO,heating,2,bfa29295829a3c7830ffa5d0389a2924676f804464e577931d98bf3d8ffa7716
2023-09,KZ-VKO,housing_maintenance,350,bfa29295829a3c7830ffa5d0389a2924676f804464e577931d98bf3d8ffa7716
2023-09,KZ-VKO,landscaping,27,bfa29295829a3c7830ffa5d0389a2924676f804464e577931d98bf3d8ffa7716
2023-09,KZ-VKO,roads,16,bfa29295829a3c7830ffa5d0389a2924676f804464e577931d98bf3d8ffa7716
2023-09,KZ-VKO,waste_management,7,bfa29295829a3c7830ffa5d0389a2924676f804464e577931d98bf3d8ffa7716
2023-09,KZ-VKO,water_supply,34,bfa29295829a3c7830ffa5d0389a2924676f804464e577931d98bf3d8ffa7716
2023-10,KZ-KAR,electricity,36,0b990823c50625f1fa9dbc30f957f2515c19ec80c0dc31500bc2db7b2e7c10de
2023-10,KZ-KAR,heating,200,0b990823c50625f1fa9dbc30f957f2515c19ec80c0dc31500bc2db7b2e7c10de
2023-10,KZ-KAR,housing_maintenance,402,0b990823c50625f1fa9dbc30f957f2515c19ec80c0dc31500bc2db7b2e7c10de
2023-10,KZ-KAR,landscaping,249,0b990823c50625f1fa9dbc30f957f2515c19ec80c0dc31500bc2db7b2e7c10de
2023-10,KZ-KAR,public_transport,557,0b990823c50625f1fa9dbc30f957f2515c19ec80c0dc31500bc2db7b2e7c10de
2023-10,KZ-KAR,roads,57,0b990823c50625f1fa9dbc30f957f2515c19ec80c0dc31500bc2db7b2e7c10de
2023-10,KZ-KAR,sewerage,83,0b990823c50625f1fa9dbc30f957f2515c19ec80c0dc31500bc2db7b2e7c10de
2023-10,KZ-KAR,street_lighting,400,0b990823c50625f1fa9dbc30f957f2515c19ec80c0dc31500bc2db7b2e7c10de
2023-10,KZ-KAR,waste_management,76,0b990823c50625f1fa9dbc30f957f2515c19ec80c0dc31500bc2db7b2e7c10de
2023-10,KZ-KAR,water_supply,19,0b990823c50625f1fa9dbc30f957f2515c19ec80c0dc31500bc2db7b2e7c10de
2023-10,KZ-VKO,electricity,67,bfa29295829a3c7830ffa5d0389a2924676f804464e577931d98bf3d8ffa7716
2023-10,KZ-VKO,heating,4,bfa29295829a3c7830ffa5d0389a2924676f804464e577931d98bf3d8ffa7716
2023-10,KZ-VKO,housing_maintenance,526,bfa29295829a3c7830ffa5d0389a2924676f804464e577931d98bf3d8ffa7716
2023-10,KZ-VKO,landscaping,90,bfa29295829a3c7830ffa5d0389a2924676f804464e577931d98bf3d8ffa7716
2023-10,KZ-VKO,roads,38,bfa29295829a3c7830ffa5d0389a2924676f804464e577931d98bf3d8ffa7716
2023-10,KZ-VKO,waste_management,1,bfa29295829a3c7830ffa5d0389a2924676f804464e577931d98bf3d8ffa7716
2023-10,KZ-VKO,water_supply,43,bfa29295829a3c7830ffa5d0389a2924676f804464e577931d98bf3d8ffa7716
2023-11,KZ-KAR,electricity,71,0b990823c50625f1fa9dbc30f957f2515c19ec80c0dc31500bc2db7b2e7c10de
2023-11,KZ-KAR,heating,131,0b990823c50625f1fa9dbc30f957f2515c19ec80c0dc31500bc2db7b2e7c10de
2023-11,KZ-KAR,housing_maintenance,382,0b990823c50625f1fa9dbc30f957f2515c19ec80c0dc31500bc2db7b2e7c10de
2023-11,KZ-KAR,landscaping,293,0b990823c50625f1fa9dbc30f957f2515c19ec80c0dc31500bc2db7b2e7c10de
2023-11,KZ-KAR,public_transport,539,0b990823c50625f1fa9dbc30f957f2515c19ec80c0dc31500bc2db7b2e7c10de
2023-11,KZ-KAR,roads,158,0b990823c50625f1fa9dbc30f957f2515c19ec80c0dc31500bc2db7b2e7c10de
2023-11,KZ-KAR,sewerage,64,0b990823c50625f1fa9dbc30f957f2515c19ec80c0dc31500bc2db7b2e7c10de
2023-11,KZ-KAR,street_lighting,575,0b990823c50625f1fa9dbc30f957f2515c19ec80c0dc31500bc2db7b2e7c10de
2023-11,KZ-KAR,waste_management,68,0b990823c50625f1fa9dbc30f957f2515c19ec80c0dc31500bc2db7b2e7c10de
2023-11,KZ-KAR,water_supply,26,0b990823c50625f1fa9dbc30f957f2515c19ec80c0dc31500bc2db7b2e7c10de
2023-11,KZ-VKO,electricity,78,bfa29295829a3c7830ffa5d0389a2924676f804464e577931d98bf3d8ffa7716
2023-11,KZ-VKO,heating,12,bfa29295829a3c7830ffa5d0389a2924676f804464e577931d98bf3d8ffa7716
2023-11,KZ-VKO,housing_maintenance,308,bfa29295829a3c7830ffa5d0389a2924676f804464e577931d98bf3d8ffa7716
2023-11,KZ-VKO,landscaping,113,bfa29295829a3c7830ffa5d0389a2924676f804464e577931d98bf3d8ffa7716
2023-11,KZ-VKO,public_transport,2,bfa29295829a3c7830ffa5d0389a2924676f804464e577931d98bf3d8ffa7716
2023-11,KZ-VKO,roads,70,bfa29295829a3c7830ffa5d0389a2924676f804464e577931d98bf3d8ffa7716
2023-11,KZ-VKO,waste_management,5,bfa29295829a3c7830ffa5d0389a2924676f804464e577931d98bf3d8ffa7716
2023-11,KZ-VKO,water_supply,32,bfa29295829a3c7830ffa5d0389a2924676f804464e577931d98bf3d8ffa7716
2023-12,KZ-KAR,electricity,36,0b990823c50625f1fa9dbc30f957f2515c19ec80c0dc31500bc2db7b2e7c10de
2023-12,KZ-KAR,heating,200,0b990823c50625f1fa9dbc30f957f2515c19ec80c0dc31500bc2db7b2e7c10de
2023-12,KZ-KAR,housing_maintenance,447,0b990823c50625f1fa9dbc30f957f2515c19ec80c0dc31500bc2db7b2e7c10de
2023-12,KZ-KAR,landscaping,59,0b990823c50625f1fa9dbc30f957f2515c19ec80c0dc31500bc2db7b2e7c10de
2023-12,KZ-KAR,public_transport,323,0b990823c50625f1fa9dbc30f957f2515c19ec80c0dc31500bc2db7b2e7c10de
2023-12,KZ-KAR,roads,1656,0b990823c50625f1fa9dbc30f957f2515c19ec80c0dc31500bc2db7b2e7c10de
2023-12,KZ-KAR,sewerage,81,0b990823c50625f1fa9dbc30f957f2515c19ec80c0dc31500bc2db7b2e7c10de
2023-12,KZ-KAR,street_lighting,205,0b990823c50625f1fa9dbc30f957f2515c19ec80c0dc31500bc2db7b2e7c10de
2023-12,KZ-KAR,waste_management,73,0b990823c50625f1fa9dbc30f957f2515c19ec80c0dc31500bc2db7b2e7c10de
2023-12,KZ-KAR,water_supply,29,0b990823c50625f1fa9dbc30f957f2515c19ec80c0dc31500bc2db7b2e7c10de
2023-12,KZ-VKO,electricity,95,bfa29295829a3c7830ffa5d0389a2924676f804464e577931d98bf3d8ffa7716
2023-12,KZ-VKO,heating,12,bfa29295829a3c7830ffa5d0389a2924676f804464e577931d98bf3d8ffa7716
2023-12,KZ-VKO,housing_maintenance,553,bfa29295829a3c7830ffa5d0389a2924676f804464e577931d98bf3d8ffa7716
2023-12,KZ-VKO,landscaping,69,bfa29295829a3c7830ffa5d0389a2924676f804464e577931d98bf3d8ffa7716
2023-12,KZ-VKO,public_transport,2,bfa29295829a3c7830ffa5d0389a2924676f804464e577931d98bf3d8ffa7716
2023-12,KZ-VKO,roads,595,bfa29295829a3c7830ffa5d0389a2924676f804464e577931d98bf3d8ffa7716
2023-12,KZ-VKO,water_supply,41,bfa29295829a3c7830ffa5d0389a2924676f804464e577931d98bf3d8ffa7716
2024-01,KZ-TUR,electricity,511,3fd3134177646d970b5badd152166428ec9da0e8f061ecd53c6e5a8d4f51b5af
2024-01,KZ-TUR,heating,264,3fd3134177646d970b5badd152166428ec9da0e8f061ecd53c6e5a8d4f51b5af
2024-01,KZ-TUR,housing_maintenance,1,3fd3134177646d970b5badd152166428ec9da0e8f061ecd53c6e5a8d4f51b5af
2024-01,KZ-TUR,landscaping,41,3fd3134177646d970b5badd152166428ec9da0e8f061ecd53c6e5a8d4f51b5af
2024-01,KZ-TUR,public_transport,100,3fd3134177646d970b5badd152166428ec9da0e8f061ecd53c6e5a8d4f51b5af
2024-01,KZ-TUR,roads,111,3fd3134177646d970b5badd152166428ec9da0e8f061ecd53c6e5a8d4f51b5af
2024-01,KZ-TUR,sewerage,110,3fd3134177646d970b5badd152166428ec9da0e8f061ecd53c6e5a8d4f51b5af
2024-01,KZ-TUR,street_lighting,456,3fd3134177646d970b5badd152166428ec9da0e8f061ecd53c6e5a8d4f51b5af
2024-01,KZ-TUR,waste_management,274,3fd3134177646d970b5badd152166428ec9da0e8f061ecd53c6e5a8d4f51b5af
2024-01,KZ-TUR,water_supply,242,3fd3134177646d970b5badd152166428ec9da0e8f061ecd53c6e5a8d4f51b5af
2024-01,KZ-VKO,electricity,87,bfa29295829a3c7830ffa5d0389a2924676f804464e577931d98bf3d8ffa7716
2024-01,KZ-VKO,heating,3,bfa29295829a3c7830ffa5d0389a2924676f804464e577931d98bf3d8ffa7716
2024-01,KZ-VKO,housing_maintenance,526,bfa29295829a3c7830ffa5d0389a2924676f804464e577931d98bf3d8ffa7716
2024-01,KZ-VKO,landscaping,103,bfa29295829a3c7830ffa5d0389a2924676f804464e577931d98bf3d8ffa7716
2024-01,KZ-VKO,public_transport,2,bfa29295829a3c7830ffa5d0389a2924676f804464e577931d98bf3d8ffa7716
2024-01,KZ-VKO,roads,1805,bfa29295829a3c7830ffa5d0389a2924676f804464e577931d98bf3d8ffa7716
2024-01,KZ-VKO,waste_management,1,bfa29295829a3c7830ffa5d0389a2924676f804464e577931d98bf3d8ffa7716
2024-01,KZ-VKO,water_supply,90,bfa29295829a3c7830ffa5d0389a2924676f804464e577931d98bf3d8ffa7716
2024-02,KZ-TUR,electricity,634,3fd3134177646d970b5badd152166428ec9da0e8f061ecd53c6e5a8d4f51b5af
2024-02,KZ-TUR,heating,107,3fd3134177646d970b5badd152166428ec9da0e8f061ecd53c6e5a8d4f51b5af
2024-02,KZ-TUR,housing_maintenance,2,3fd3134177646d970b5badd152166428ec9da0e8f061ecd53c6e5a8d4f51b5af
2024-02,KZ-TUR,landscaping,37,3fd3134177646d970b5badd152166428ec9da0e8f061ecd53c6e5a8d4f51b5af
2024-02,KZ-TUR,public_transport,101,3fd3134177646d970b5badd152166428ec9da0e8f061ecd53c6e5a8d4f51b5af
2024-02,KZ-TUR,roads,113,3fd3134177646d970b5badd152166428ec9da0e8f061ecd53c6e5a8d4f51b5af
2024-02,KZ-TUR,sewerage,90,3fd3134177646d970b5badd152166428ec9da0e8f061ecd53c6e5a8d4f51b5af
2024-02,KZ-TUR,street_lighting,427,3fd3134177646d970b5badd152166428ec9da0e8f061ecd53c6e5a8d4f51b5af
2024-02,KZ-TUR,waste_management,133,3fd3134177646d970b5badd152166428ec9da0e8f061ecd53c6e5a8d4f51b5af
2024-02,KZ-TUR,water_supply,224,3fd3134177646d970b5badd152166428ec9da0e8f061ecd53c6e5a8d4f51b5af
2024-02,KZ-VKO,electricity,169,bfa29295829a3c7830ffa5d0389a2924676f804464e577931d98bf3d8ffa7716
2024-02,KZ-VKO,heating,4,bfa29295829a3c7830ffa5d0389a2924676f804464e577931d98bf3d8ffa7716
2024-02,KZ-VKO,housing_maintenance,171,bfa29295829a3c7830ffa5d0389a2924676f804464e577931d98bf3d8ffa7716
2024-02,KZ-VKO,landscaping,156,bfa29295829a3c7830ffa5d0389a2924676f804464e577931d98bf3d8ffa7716
2024-02,KZ-VKO,public_transport,1,bfa29295829a3c7830ffa5d0389a2924676f804464e577931d98bf3d8ffa7716
2024-02,KZ-VKO,roads,4129,bfa29295829a3c7830ffa5d0389a2924676f804464e577931d98bf3d8ffa7716
2024-02,KZ-VKO,water_supply,35,bfa29295829a3c7830ffa5d0389a2924676f804464e577931d98bf3d8ffa7716
2024-03,KZ-TUR,electricity,484,3fd3134177646d970b5badd152166428ec9da0e8f061ecd53c6e5a8d4f51b5af
2024-03,KZ-TUR,heating,32,3fd3134177646d970b5badd152166428ec9da0e8f061ecd53c6e5a8d4f51b5af
2024-03,KZ-TUR,housing_maintenance,2,3fd3134177646d970b5badd152166428ec9da0e8f061ecd53c6e5a8d4f51b5af
2024-03,KZ-TUR,landscaping,77,3fd3134177646d970b5badd152166428ec9da0e8f061ecd53c6e5a8d4f51b5af
2024-03,KZ-TUR,public_transport,66,3fd3134177646d970b5badd152166428ec9da0e8f061ecd53c6e5a8d4f51b5af
2024-03,KZ-TUR,roads,132,3fd3134177646d970b5badd152166428ec9da0e8f061ecd53c6e5a8d4f51b5af
2024-03,KZ-TUR,sewerage,178,3fd3134177646d970b5badd152166428ec9da0e8f061ecd53c6e5a8d4f51b5af
2024-03,KZ-TUR,street_lighting,492,3fd3134177646d970b5badd152166428ec9da0e8f061ecd53c6e5a8d4f51b5af
2024-03,KZ-TUR,waste_management,372,3fd3134177646d970b5badd152166428ec9da0e8f061ecd53c6e5a8d4f51b5af
2024-03,KZ-TUR,water_supply,350,3fd3134177646d970b5badd152166428ec9da0e8f061ecd53c6e5a8d4f51b5af
2024-03,KZ-VKO,electricity,129,bfa29295829a3c7830ffa5d0389a2924676f804464e577931d98bf3d8ffa7716
2024-03,KZ-VKO,heating,1,bfa29295829a3c7830ffa5d0389a2924676f804464e577931d98bf3d8ffa7716
2024-03,KZ-VKO,housing_maintenance,300,bfa29295829a3c7830ffa5d0389a2924676f804464e577931d98bf3d8ffa7716
2024-03,KZ-VKO,landscaping,139,bfa29295829a3c7830ffa5d0389a2924676f804464e577931d98bf3d8ffa7716
2024-03,KZ-VKO,public_transport,3,bfa29295829a3c7830ffa5d0389a2924676f804464e577931d98bf3d8ffa7716
2024-03,KZ-VKO,roads,588,bfa29295829a3c7830ffa5d0389a2924676f804464e577931d98bf3d8ffa7716
2024-03,KZ-VKO,water_supply,22,bfa29295829a3c7830ffa5d0389a2924676f804464e577931d98bf3d8ffa7716
2024-04,KZ-TUR,electricity,662,3fd3134177646d970b5badd152166428ec9da0e8f061ecd53c6e5a8d4f51b5af
2024-04,KZ-TUR,heating,16,3fd3134177646d970b5badd152166428ec9da0e8f061ecd53c6e5a8d4f51b5af
2024-04,KZ-TUR,housing_maintenance,6,3fd3134177646d970b5badd152166428ec9da0e8f061ecd53c6e5a8d4f51b5af
2024-04,KZ-TUR,landscaping,258,3fd3134177646d970b5badd152166428ec9da0e8f061ecd53c6e5a8d4f51b5af
2024-04,KZ-TUR,public_transport,88,3fd3134177646d970b5badd152166428ec9da0e8f061ecd53c6e5a8d4f51b5af
2024-04,KZ-TUR,roads,318,3fd3134177646d970b5badd152166428ec9da0e8f061ecd53c6e5a8d4f51b5af
2024-04,KZ-TUR,sewerage,294,3fd3134177646d970b5badd152166428ec9da0e8f061ecd53c6e5a8d4f51b5af
2024-04,KZ-TUR,street_lighting,657,3fd3134177646d970b5badd152166428ec9da0e8f061ecd53c6e5a8d4f51b5af
2024-04,KZ-TUR,waste_management,260,3fd3134177646d970b5badd152166428ec9da0e8f061ecd53c6e5a8d4f51b5af
2024-04,KZ-TUR,water_supply,502,3fd3134177646d970b5badd152166428ec9da0e8f061ecd53c6e5a8d4f51b5af
2024-04,KZ-VKO,electricity,182,bfa29295829a3c7830ffa5d0389a2924676f804464e577931d98bf3d8ffa7716
2024-04,KZ-VKO,heating,9,bfa29295829a3c7830ffa5d0389a2924676f804464e577931d98bf3d8ffa7716
2024-04,KZ-VKO,housing_maintenance,329,bfa29295829a3c7830ffa5d0389a2924676f804464e577931d98bf3d8ffa7716
2024-04,KZ-VKO,landscaping,84,bfa29295829a3c7830ffa5d0389a2924676f804464e577931d98bf3d8ffa7716
2024-04,KZ-VKO,public_transport,3,bfa29295829a3c7830ffa5d0389a2924676f804464e577931d98bf3d8ffa7716
2024-04,KZ-VKO,roads,202,bfa29295829a3c7830ffa5d0389a2924676f804464e577931d98bf3d8ffa7716
2024-04,KZ-VKO,water_supply,47,bfa29295829a3c7830ffa5d0389a2924676f804464e577931d98bf3d8ffa7716
2024-05,KZ-TUR,electricity,951,3fd3134177646d970b5badd152166428ec9da0e8f061ecd53c6e5a8d4f51b5af
2024-05,KZ-TUR,heating,9,3fd3134177646d970b5badd152166428ec9da0e8f061ecd53c6e5a8d4f51b5af
2024-05,KZ-TUR,landscaping,400,3fd3134177646d970b5badd152166428ec9da0e8f061ecd53c6e5a8d4f51b5af
2024-05,KZ-TUR,public_transport,105,3fd3134177646d970b5badd152166428ec9da0e8f061ecd53c6e5a8d4f51b5af
2024-05,KZ-TUR,roads,371,3fd3134177646d970b5badd152166428ec9da0e8f061ecd53c6e5a8d4f51b5af
2024-05,KZ-TUR,sewerage,329,3fd3134177646d970b5badd152166428ec9da0e8f061ecd53c6e5a8d4f51b5af
2024-05,KZ-TUR,street_lighting,974,3fd3134177646d970b5badd152166428ec9da0e8f061ecd53c6e5a8d4f51b5af
2024-05,KZ-TUR,waste_management,552,3fd3134177646d970b5badd152166428ec9da0e8f061ecd53c6e5a8d4f51b5af
2024-05,KZ-TUR,water_supply,913,3fd3134177646d970b5badd152166428ec9da0e8f061ecd53c6e5a8d4f51b5af
2024-05,KZ-VKO,electricity,214,bfa29295829a3c7830ffa5d0389a2924676f804464e577931d98bf3d8ffa7716
2024-05,KZ-VKO,heating,5,bfa29295829a3c7830ffa5d0389a2924676f804464e577931d98bf3d8ffa7716
2024-05,KZ-VKO,housing_maintenance,397,bfa29295829a3c7830ffa5d0389a2924676f804464e577931d98bf3d8ffa7716
2024-05,KZ-VKO,landscaping,81,bfa29295829a3c7830ffa5d0389a2924676f804464e577931d98bf3d8ffa7716
2024-05,KZ-VKO,public_transport,6,bfa29295829a3c7830ffa5d0389a2924676f804464e577931d98bf3d8ffa7716
2024-05,KZ-VKO,roads,11,bfa29295829a3c7830ffa5d0389a2924676f804464e577931d98bf3d8ffa7716
2024-05,KZ-VKO,water_supply,37,bfa29295829a3c7830ffa5d0389a2924676f804464e577931d98bf3d8ffa7716
2024-06,KZ-TUR,electricity,1392,3fd3134177646d970b5badd152166428ec9da0e8f061ecd53c6e5a8d4f51b5af
2024-06,KZ-TUR,housing_maintenance,9,3fd3134177646d970b5badd152166428ec9da0e8f061ecd53c6e5a8d4f51b5af
2024-06,KZ-TUR,landscaping,600,3fd3134177646d970b5badd152166428ec9da0e8f061ecd53c6e5a8d4f51b5af
2024-06,KZ-TUR,public_transport,174,3fd3134177646d970b5badd152166428ec9da0e8f061ecd53c6e5a8d4f51b5af
2024-06,KZ-TUR,roads,354,3fd3134177646d970b5badd152166428ec9da0e8f061ecd53c6e5a8d4f51b5af
2024-06,KZ-TUR,sewerage,337,3fd3134177646d970b5badd152166428ec9da0e8f061ecd53c6e5a8d4f51b5af
2024-06,KZ-TUR,street_lighting,980,3fd3134177646d970b5badd152166428ec9da0e8f061ecd53c6e5a8d4f51b5af
2024-06,KZ-TUR,waste_management,741,3fd3134177646d970b5badd152166428ec9da0e8f061ecd53c6e5a8d4f51b5af
2024-06,KZ-TUR,water_supply,1918,3fd3134177646d970b5badd152166428ec9da0e8f061ecd53c6e5a8d4f51b5af
2024-06,KZ-VKO,electricity,616,bfa29295829a3c7830ffa5d0389a2924676f804464e577931d98bf3d8ffa7716
2024-06,KZ-VKO,heating,3,bfa29295829a3c7830ffa5d0389a2924676f804464e577931d98bf3d8ffa7716
2024-06,KZ-VKO,housing_maintenance,568,bfa29295829a3c7830ffa5d0389a2924676f804464e577931d98bf3d8ffa7716
2024-06,KZ-VKO,landscaping,117,bfa29295829a3c7830ffa5d0389a2924676f804464e577931d98bf3d8ffa7716
2024-06,KZ-VKO,public_transport,8,bfa29295829a3c7830ffa5d0389a2924676f804464e577931d98bf3d8ffa7716
2024-06,KZ-VKO,roads,10,bfa29295829a3c7830ffa5d0389a2924676f804464e577931d98bf3d8ffa7716
2024-06,KZ-VKO,water_supply,55,bfa29295829a3c7830ffa5d0389a2924676f804464e577931d98bf3d8ffa7716
2024-07,KZ-TUR,electricity,1756,3fd3134177646d970b5badd152166428ec9da0e8f061ecd53c6e5a8d4f51b5af
2024-07,KZ-TUR,heating,5,3fd3134177646d970b5badd152166428ec9da0e8f061ecd53c6e5a8d4f51b5af
2024-07,KZ-TUR,housing_maintenance,3,3fd3134177646d970b5badd152166428ec9da0e8f061ecd53c6e5a8d4f51b5af
2024-07,KZ-TUR,landscaping,931,3fd3134177646d970b5badd152166428ec9da0e8f061ecd53c6e5a8d4f51b5af
2024-07,KZ-TUR,public_transport,147,3fd3134177646d970b5badd152166428ec9da0e8f061ecd53c6e5a8d4f51b5af
2024-07,KZ-TUR,roads,514,3fd3134177646d970b5badd152166428ec9da0e8f061ecd53c6e5a8d4f51b5af
2024-07,KZ-TUR,sewerage,439,3fd3134177646d970b5badd152166428ec9da0e8f061ecd53c6e5a8d4f51b5af
2024-07,KZ-TUR,street_lighting,1398,3fd3134177646d970b5badd152166428ec9da0e8f061ecd53c6e5a8d4f51b5af
2024-07,KZ-TUR,waste_management,1109,3fd3134177646d970b5badd152166428ec9da0e8f061ecd53c6e5a8d4f51b5af
2024-07,KZ-TUR,water_supply,1966,3fd3134177646d970b5badd152166428ec9da0e8f061ecd53c6e5a8d4f51b5af
2024-07,KZ-VKO,electricity,908,bfa29295829a3c7830ffa5d0389a2924676f804464e577931d98bf3d8ffa7716
2024-07,KZ-VKO,heating,10,bfa29295829a3c7830ffa5d0389a2924676f804464e577931d98bf3d8ffa7716
2024-07,KZ-VKO,housing_maintenance,640,bfa29295829a3c7830ffa5d0389a2924676f804464e577931d98bf3d8ffa7716
2024-07,KZ-VKO,landscaping,138,bfa29295829a3c7830ffa5d0389a2924676f804464e577931d98bf3d8ffa7716
2024-07,KZ-VKO,public_transport,13,bfa29295829a3c7830ffa5d0389a2924676f804464e577931d98bf3d8ffa7716
2024-07,KZ-VKO,roads,4,bfa29295829a3c7830ffa5d0389a2924676f804464e577931d98bf3d8ffa7716
2024-07,KZ-VKO,waste_management,2,bfa29295829a3c7830ffa5d0389a2924676f804464e577931d98bf3d8ffa7716
2024-07,KZ-VKO,water_supply,65,bfa29295829a3c7830ffa5d0389a2924676f804464e577931d98bf3d8ffa7716
2024-08,KZ-TUR,electricity,1376,3fd3134177646d970b5badd152166428ec9da0e8f061ecd53c6e5a8d4f51b5af
2024-08,KZ-TUR,heating,15,3fd3134177646d970b5badd152166428ec9da0e8f061ecd53c6e5a8d4f51b5af
2024-08,KZ-TUR,housing_maintenance,4,3fd3134177646d970b5badd152166428ec9da0e8f061ecd53c6e5a8d4f51b5af
2024-08,KZ-TUR,landscaping,747,3fd3134177646d970b5badd152166428ec9da0e8f061ecd53c6e5a8d4f51b5af
2024-08,KZ-TUR,public_transport,235,3fd3134177646d970b5badd152166428ec9da0e8f061ecd53c6e5a8d4f51b5af
2024-08,KZ-TUR,roads,553,3fd3134177646d970b5badd152166428ec9da0e8f061ecd53c6e5a8d4f51b5af
2024-08,KZ-TUR,sewerage,434,3fd3134177646d970b5badd152166428ec9da0e8f061ecd53c6e5a8d4f51b5af
2024-08,KZ-TUR,street_lighting,1276,3fd3134177646d970b5badd152166428ec9da0e8f061ecd53c6e5a8d4f51b5af
2024-08,KZ-TUR,waste_management,1018,3fd3134177646d970b5badd152166428ec9da0e8f061ecd53c6e5a8d4f51b5af
2024-08,KZ-TUR,water_supply,1883,3fd3134177646d970b5badd152166428ec9da0e8f061ecd53c6e5a8d4f51b5af
2024-08,KZ-VKO,electricity,806,bfa29295829a3c7830ffa5d0389a2924676f804464e577931d98bf3d8ffa7716
2024-08,KZ-VKO,heating,35,bfa29295829a3c7830ffa5d0389a2924676f804464e577931d98bf3d8ffa7716
2024-08,KZ-VKO,housing_maintenance,724,bfa29295829a3c7830ffa5d0389a2924676f804464e577931d98bf3d8ffa7716
2024-08,KZ-VKO,landscaping,144,bfa29295829a3c7830ffa5d0389a2924676f804464e577931d98bf3d8ffa7716
2024-08,KZ-VKO,public_transport,21,bfa29295829a3c7830ffa5d0389a2924676f804464e577931d98bf3d8ffa7716
2024-08,KZ-VKO,roads,23,bfa29295829a3c7830ffa5d0389a2924676f804464e577931d98bf3d8ffa7716
2024-08,KZ-VKO,waste_management,13,bfa29295829a3c7830ffa5d0389a2924676f804464e577931d98bf3d8ffa7716
2024-08,KZ-VKO,water_supply,84,bfa29295829a3c7830ffa5d0389a2924676f804464e577931d98bf3d8ffa7716
2024-09,KZ-TUR,electricity,2355,3fd3134177646d970b5badd152166428ec9da0e8f061ecd53c6e5a8d4f51b5af
2024-09,KZ-TUR,heating,22,3fd3134177646d970b5badd152166428ec9da0e8f061ecd53c6e5a8d4f51b5af
2024-09,KZ-TUR,housing_maintenance,7,3fd3134177646d970b5badd152166428ec9da0e8f061ecd53c6e5a8d4f51b5af
2024-09,KZ-TUR,landscaping,995,3fd3134177646d970b5badd152166428ec9da0e8f061ecd53c6e5a8d4f51b5af
2024-09,KZ-TUR,public_transport,443,3fd3134177646d970b5badd152166428ec9da0e8f061ecd53c6e5a8d4f51b5af
2024-09,KZ-TUR,roads,615,3fd3134177646d970b5badd152166428ec9da0e8f061ecd53c6e5a8d4f51b5af
2024-09,KZ-TUR,sewerage,537,3fd3134177646d970b5badd152166428ec9da0e8f061ecd53c6e5a8d4f51b5af
2024-09,KZ-TUR,street_lighting,1590,3fd3134177646d970b5badd152166428ec9da0e8f061ecd53c6e5a8d4f51b5af
2024-09,KZ-TUR,waste_management,1003,3fd3134177646d970b5badd152166428ec9da0e8f061ecd53c6e5a8d4f51b5af
2024-09,KZ-TUR,water_supply,1971,3fd3134177646d970b5badd152166428ec9da0e8f061ecd53c6e5a8d4f51b5af
2024-09,KZ-VKO,electricity,367,bfa29295829a3c7830ffa5d0389a2924676f804464e577931d98bf3d8ffa7716
2024-09,KZ-VKO,heating,30,bfa29295829a3c7830ffa5d0389a2924676f804464e577931d98bf3d8ffa7716
2024-09,KZ-VKO,housing_maintenance,614,bfa29295829a3c7830ffa5d0389a2924676f804464e577931d98bf3d8ffa7716
2024-09,KZ-VKO,landscaping,65,bfa29295829a3c7830ffa5d0389a2924676f804464e577931d98bf3d8ffa7716
2024-09,KZ-VKO,public_transport,12,bfa29295829a3c7830ffa5d0389a2924676f804464e577931d98bf3d8ffa7716
2024-09,KZ-VKO,roads,10,bfa29295829a3c7830ffa5d0389a2924676f804464e577931d98bf3d8ffa7716
2024-09,KZ-VKO,waste_management,5,bfa29295829a3c7830ffa5d0389a2924676f804464e577931d98bf3d8ffa7716
2024-09,KZ-VKO,water_supply,56,bfa29295829a3c7830ffa5d0389a2924676f804464e577931d98bf3d8ffa7716
2024-10,KZ-TUR,electricity,1906,3fd3134177646d970b5badd152166428ec9da0e8f061ecd53c6e5a8d4f51b5af
2024-10,KZ-TUR,heating,346,3fd3134177646d970b5badd152166428ec9da0e8f061ecd53c6e5a8d4f51b5af
2024-10,KZ-TUR,housing_maintenance,5,3fd3134177646d970b5badd152166428ec9da0e8f061ecd53c6e5a8d4f51b5af
2024-10,KZ-TUR,landscaping,665,3fd3134177646d970b5badd152166428ec9da0e8f061ecd53c6e5a8d4f51b5af
2024-10,KZ-TUR,public_transport,497,3fd3134177646d970b5badd152166428ec9da0e8f061ecd53c6e5a8d4f51b5af
2024-10,KZ-TUR,roads,606,3fd3134177646d970b5badd152166428ec9da0e8f061ecd53c6e5a8d4f51b5af
2024-10,KZ-TUR,sewerage,386,3fd3134177646d970b5badd152166428ec9da0e8f061ecd53c6e5a8d4f51b5af
2024-10,KZ-TUR,street_lighting,1876,3fd3134177646d970b5badd152166428ec9da0e8f061ecd53c6e5a8d4f51b5af
2024-10,KZ-TUR,waste_management,707,3fd3134177646d970b5badd152166428ec9da0e8f061ecd53c6e5a8d4f51b5af
2024-10,KZ-TUR,water_supply,1213,3fd3134177646d970b5badd152166428ec9da0e8f061ecd53c6e5a8d4f51b5af
2024-10,KZ-VKO,electricity,303,bfa29295829a3c7830ffa5d0389a2924676f804464e577931d98bf3d8ffa7716
2024-10,KZ-VKO,heating,7,bfa29295829a3c7830ffa5d0389a2924676f804464e577931d98bf3d8ffa7716
2024-10,KZ-VKO,housing_maintenance,526,bfa29295829a3c7830ffa5d0389a2924676f804464e577931d98bf3d8ffa7716
2024-10,KZ-VKO,landscaping,73,bfa29295829a3c7830ffa5d0389a2924676f804464e577931d98bf3d8ffa7716
2024-10,KZ-VKO,public_transport,10,bfa29295829a3c7830ffa5d0389a2924676f804464e577931d98bf3d8ffa7716
2024-10,KZ-VKO,roads,29,bfa29295829a3c7830ffa5d0389a2924676f804464e577931d98bf3d8ffa7716
2024-10,KZ-VKO,waste_management,7,bfa29295829a3c7830ffa5d0389a2924676f804464e577931d98bf3d8ffa7716
2024-10,KZ-VKO,water_supply,44,bfa29295829a3c7830ffa5d0389a2924676f804464e577931d98bf3d8ffa7716
2024-11,KZ-TUR,electricity,1075,3fd3134177646d970b5badd152166428ec9da0e8f061ecd53c6e5a8d4f51b5af
2024-11,KZ-TUR,heating,127,3fd3134177646d970b5badd152166428ec9da0e8f061ecd53c6e5a8d4f51b5af
2024-11,KZ-TUR,housing_maintenance,3,3fd3134177646d970b5badd152166428ec9da0e8f061ecd53c6e5a8d4f51b5af
2024-11,KZ-TUR,landscaping,271,3fd3134177646d970b5badd152166428ec9da0e8f061ecd53c6e5a8d4f51b5af
2024-11,KZ-TUR,public_transport,275,3fd3134177646d970b5badd152166428ec9da0e8f061ecd53c6e5a8d4f51b5af
2024-11,KZ-TUR,roads,321,3fd3134177646d970b5badd152166428ec9da0e8f061ecd53c6e5a8d4f51b5af
2024-11,KZ-TUR,sewerage,192,3fd3134177646d970b5badd152166428ec9da0e8f061ecd53c6e5a8d4f51b5af
2024-11,KZ-TUR,street_lighting,1040,3fd3134177646d970b5badd152166428ec9da0e8f061ecd53c6e5a8d4f51b5af
2024-11,KZ-TUR,waste_management,324,3fd3134177646d970b5badd152166428ec9da0e8f061ecd53c6e5a8d4f51b5af
2024-11,KZ-TUR,water_supply,889,3fd3134177646d970b5badd152166428ec9da0e8f061ecd53c6e5a8d4f51b5af
2024-11,KZ-VKO,electricity,226,bfa29295829a3c7830ffa5d0389a2924676f804464e577931d98bf3d8ffa7716
2024-11,KZ-VKO,heating,86,bfa29295829a3c7830ffa5d0389a2924676f804464e577931d98bf3d8ffa7716
2024-11,KZ-VKO,housing_maintenance,493,bfa29295829a3c7830ffa5d0389a2924676f804464e577931d98bf3d8ffa7716
2024-11,KZ-VKO,landscaping,107,bfa29295829a3c7830ffa5d0389a2924676f804464e577931d98bf3d8ffa7716
2024-11,KZ-VKO,public_transport,10,bfa29295829a3c7830ffa5d0389a2924676f804464e577931d98bf3d8ffa7716
2024-11,KZ-VKO,roads,494,bfa29295829a3c7830ffa5d0389a2924676f804464e577931d98bf3d8ffa7716
2024-11,KZ-VKO,waste_management,6,bfa29295829a3c7830ffa5d0389a2924676f804464e577931d98bf3d8ffa7716
2024-11,KZ-VKO,water_supply,66,bfa29295829a3c7830ffa5d0389a2924676f804464e577931d98bf3d8ffa7716
2024-12,KZ-TUR,electricity,709,3fd3134177646d970b5badd152166428ec9da0e8f061ecd53c6e5a8d4f51b5af
2024-12,KZ-TUR,heating,140,3fd3134177646d970b5badd152166428ec9da0e8f061ecd53c6e5a8d4f51b5af
2024-12,KZ-TUR,landscaping,97,3fd3134177646d970b5badd152166428ec9da0e8f061ecd53c6e5a8d4f51b5af
2024-12,KZ-TUR,public_transport,141,3fd3134177646d970b5badd152166428ec9da0e8f061ecd53c6e5a8d4f51b5af
2024-12,KZ-TUR,roads,158,3fd3134177646d970b5badd152166428ec9da0e8f061ecd53c6e5a8d4f51b5af
2024-12,KZ-TUR,sewerage,165,3fd3134177646d970b5badd152166428ec9da0e8f061ecd53c6e5a8d4f51b5af
2024-12,KZ-TUR,street_lighting,635,3fd3134177646d970b5badd152166428ec9da0e8f061ecd53c6e5a8d4f51b5af
2024-12,KZ-TUR,waste_management,347,3fd3134177646d970b5badd152166428ec9da0e8f061ecd53c6e5a8d4f51b5af
2024-12,KZ-TUR,water_supply,720,3fd3134177646d970b5badd152166428ec9da0e8f061ecd53c6e5a8d4f51b5af
2024-12,KZ-VKO,electricity,229,bfa29295829a3c7830ffa5d0389a2924676f804464e577931d98bf3d8ffa7716
2024-12,KZ-VKO,heating,29,bfa29295829a3c7830ffa5d0389a2924676f804464e577931d98bf3d8ffa7716
2024-12,KZ-VKO,housing_maintenance,479,bfa29295829a3c7830ffa5d0389a2924676f804464e577931d98bf3d8ffa7716
2024-12,KZ-VKO,landscaping,113,bfa29295829a3c7830ffa5d0389a2924676f804464e577931d98bf3d8ffa7716
2024-12,KZ-VKO,public_transport,4,bfa29295829a3c7830ffa5d0389a2924676f804464e577931d98bf3d8ffa7716
2024-12,KZ-VKO,roads,236,bfa29295829a3c7830ffa5d0389a2924676f804464e577931d98bf3d8ffa7716
2024-12,KZ-VKO,waste_management,1,bfa29295829a3c7830ffa5d0389a2924676f804464e577931d98bf3d8ffa7716
2024-12,KZ-VKO,water_supply,37,bfa29295829a3c7830ffa5d0389a2924676f804464e577931d98bf3d8ffa7716
2025-01,KZ-ALM,electricity,225,9c423e6699010981ab636de15f16bcc41cd104e918c6641409f025079f73fd8f
2025-01,KZ-ALM,heating,26,9c423e6699010981ab636de15f16bcc41cd104e918c6641409f025079f73fd8f
2025-01,KZ-ALM,housing_maintenance,9,9c423e6699010981ab636de15f16bcc41cd104e918c6641409f025079f73fd8f
2025-01,KZ-ALM,landscaping,29,9c423e6699010981ab636de15f16bcc41cd104e918c6641409f025079f73fd8f
2025-01,KZ-ALM,public_transport,30,9c423e6699010981ab636de15f16bcc41cd104e918c6641409f025079f73fd8f
2025-01,KZ-ALM,roads,11,9c423e6699010981ab636de15f16bcc41cd104e918c6641409f025079f73fd8f
2025-01,KZ-ALM,sewerage,23,9c423e6699010981ab636de15f16bcc41cd104e918c6641409f025079f73fd8f
2025-01,KZ-ALM,street_lighting,38,9c423e6699010981ab636de15f16bcc41cd104e918c6641409f025079f73fd8f
2025-01,KZ-ALM,waste_management,100,9c423e6699010981ab636de15f16bcc41cd104e918c6641409f025079f73fd8f
2025-01,KZ-ALM,water_supply,89,9c423e6699010981ab636de15f16bcc41cd104e918c6641409f025079f73fd8f
2025-01,KZ-KOS,electricity,31,0d66c3719960c4fef3005bc4347237ddfd70047dc2f770378fddc442d20e80a5
2025-01,KZ-KOS,heating,43,0d66c3719960c4fef3005bc4347237ddfd70047dc2f770378fddc442d20e80a5
2025-01,KZ-KOS,housing_maintenance,16,0d66c3719960c4fef3005bc4347237ddfd70047dc2f770378fddc442d20e80a5
2025-01,KZ-KOS,landscaping,50,0d66c3719960c4fef3005bc4347237ddfd70047dc2f770378fddc442d20e80a5
2025-01,KZ-KOS,public_transport,63,0d66c3719960c4fef3005bc4347237ddfd70047dc2f770378fddc442d20e80a5
2025-01,KZ-KOS,roads,290,0d66c3719960c4fef3005bc4347237ddfd70047dc2f770378fddc442d20e80a5
2025-01,KZ-KOS,sewerage,59,0d66c3719960c4fef3005bc4347237ddfd70047dc2f770378fddc442d20e80a5
2025-01,KZ-KOS,street_lighting,232,0d66c3719960c4fef3005bc4347237ddfd70047dc2f770378fddc442d20e80a5
2025-01,KZ-KOS,waste_management,113,0d66c3719960c4fef3005bc4347237ddfd70047dc2f770378fddc442d20e80a5
2025-01,KZ-KOS,water_supply,83,0d66c3719960c4fef3005bc4347237ddfd70047dc2f770378fddc442d20e80a5
2025-01,KZ-VKO,electricity,319,bfa29295829a3c7830ffa5d0389a2924676f804464e577931d98bf3d8ffa7716
2025-01,KZ-VKO,heating,8,bfa29295829a3c7830ffa5d0389a2924676f804464e577931d98bf3d8ffa7716
2025-01,KZ-VKO,housing_maintenance,586,bfa29295829a3c7830ffa5d0389a2924676f804464e577931d98bf3d8ffa7716
2025-01,KZ-VKO,landscaping,134,bfa29295829a3c7830ffa5d0389a2924676f804464e577931d98bf3d8ffa7716
2025-01,KZ-VKO,public_transport,6,bfa29295829a3c7830ffa5d0389a2924676f804464e577931d98bf3d8ffa7716
2025-01,KZ-VKO,roads,1329,bfa29295829a3c7830ffa5d0389a2924676f804464e577931d98bf3d8ffa7716
2025-01,KZ-VKO,water_supply,42,bfa29295829a3c7830ffa5d0389a2924676f804464e577931d98bf3d8ffa7716
2025-02,KZ-ALM,electricity,72,9c423e6699010981ab636de15f16bcc41cd104e918c6641409f025079f73fd8f
2025-02,KZ-ALM,heating,10,9c423e6699010981ab636de15f16bcc41cd104e918c6641409f025079f73fd8f
2025-02,KZ-ALM,housing_maintenance,12,9c423e6699010981ab636de15f16bcc41cd104e918c6641409f025079f73fd8f
2025-02,KZ-ALM,landscaping,23,9c423e6699010981ab636de15f16bcc41cd104e918c6641409f025079f73fd8f
2025-02,KZ-ALM,public_transport,19,9c423e6699010981ab636de15f16bcc41cd104e918c6641409f025079f73fd8f
2025-02,KZ-ALM,roads,16,9c423e6699010981ab636de15f16bcc41cd104e918c6641409f025079f73fd8f
2025-02,KZ-ALM,sewerage,15,9c423e6699010981ab636de15f16bcc41cd104e918c6641409f025079f73fd8f
2025-02,KZ-ALM,street_lighting,35,9c423e6699010981ab636de15f16bcc41cd104e918c6641409f025079f73fd8f
2025-02,KZ-ALM,waste_management,112,9c423e6699010981ab636de15f16bcc41cd104e918c6641409f025079f73fd8f
2025-02,KZ-ALM,water_supply,89,9c423e6699010981ab636de15f16bcc41cd104e918c6641409f025079f73fd8f
2025-02,KZ-KOS,electricity,23,0d66c3719960c4fef3005bc4347237ddfd70047dc2f770378fddc442d20e80a5
2025-02,KZ-KOS,heating,10,0d66c3719960c4fef3005bc4347237ddfd70047dc2f770378fddc442d20e80a5
2025-02,KZ-KOS,housing_maintenance,45,0d66c3719960c4fef3005bc4347237ddfd70047dc2f770378fddc442d20e80a5
2025-02,KZ-KOS,landscaping,37,0d66c3719960c4fef3005bc4347237ddfd70047dc2f770378fddc442d20e80a5
2025-02,KZ-KOS,public_transport,72,0d66c3719960c4fef3005bc4347237ddfd70047dc2f770378fddc442d20e80a5
2025-02,KZ-KOS,roads,229,0d66c3719960c4fef3005bc4347237ddfd70047dc2f770378fddc442d20e80a5
2025-02,KZ-KOS,sewerage,44,0d66c3719960c4fef3005bc4347237ddfd70047dc2f770378fddc442d20e80a5
2025-02,KZ-KOS,street_lighting,98,0d66c3719960c4fef3005bc4347237ddfd70047dc2f770378fddc442d20e80a5
2025-02,KZ-KOS,waste_management,69,0d66c3719960c4fef3005bc4347237ddfd70047dc2f770378fddc442d20e80a5
2025-02,KZ-KOS,water_supply,64,0d66c3719960c4fef3005bc4347237ddfd70047dc2f770378fddc442d20e80a5
2025-02,KZ-VKO,electricity,204,bfa29295829a3c7830ffa5d0389a2924676f804464e577931d98bf3d8ffa7716
2025-02,KZ-VKO,heating,2,bfa29295829a3c7830ffa5d0389a2924676f804464e577931d98bf3d8ffa7716
2025-02,KZ-VKO,housing_maintenance,501,bfa29295829a3c7830ffa5d0389a2924676f804464e577931d98bf3d8ffa7716
2025-02,KZ-VKO,landscaping,165,bfa29295829a3c7830ffa5d0389a2924676f804464e577931d98bf3d8ffa7716
2025-02,KZ-VKO,public_transport,3,bfa29295829a3c7830ffa5d0389a2924676f804464e577931d98bf3d8ffa7716
2025-02,KZ-VKO,roads,311,bfa29295829a3c7830ffa5d0389a2924676f804464e577931d98bf3d8ffa7716
2025-02,KZ-VKO,waste_management,3,bfa29295829a3c7830ffa5d0389a2924676f804464e577931d98bf3d8ffa7716
2025-02,KZ-VKO,water_supply,35,bfa29295829a3c7830ffa5d0389a2924676f804464e577931d98bf3d8ffa7716
2025-03,KZ-ALM,electricity,413,9c423e6699010981ab636de15f16bcc41cd104e918c6641409f025079f73fd8f
2025-03,KZ-ALM,housing_maintenance,35,9c423e6699010981ab636de15f16bcc41cd104e918c6641409f025079f73fd8f
2025-03,KZ-ALM,landscaping,46,9c423e6699010981ab636de15f16bcc41cd104e918c6641409f025079f73fd8f
2025-03,KZ-ALM,public_transport,70,9c423e6699010981ab636de15f16bcc41cd104e918c6641409f025079f73fd8f
2025-03,KZ-ALM,roads,37,9c423e6699010981ab636de15f16bcc41cd104e918c6641409f025079f73fd8f
2025-03,KZ-ALM,sewerage,32,9c423e6699010981ab636de15f16bcc41cd104e918c6641409f025079f73fd8f
2025-03,KZ-ALM,street_lighting,73,9c423e6699010981ab636de15f16bcc41cd104e918c6641409f025079f73fd8f
2025-03,KZ-ALM,waste_management,162,9c423e6699010981ab636de15f16bcc41cd104e918c6641409f025079f73fd8f
2025-03,KZ-ALM,water_supply,111,9c423e6699010981ab636de15f16bcc41cd104e918c6641409f025079f73fd8f
2025-03,KZ-KOS,electricity,46,0d66c3719960c4fef3005bc4347237ddfd70047dc2f770378fddc442d20e80a5
2025-03,KZ-KOS,heating,9,0d66c3719960c4fef3005bc4347237ddfd70047dc2f770378fddc442d20e80a5
2025-03,KZ-KOS,housing_maintenance,19,0d66c3719960c4fef3005bc4347237ddfd70047dc2f770378fddc442d20e80a5
2025-03,KZ-KOS,landscaping,104,0d66c3719960c4fef3005bc4347237ddfd70047dc2f770378fddc442d20e80a5
2025-03,KZ-KOS,public_transport,74,0d66c3719960c4fef3005bc4347237ddfd70047dc2f770378fddc442d20e80a5
2025-03,KZ-KOS,roads,464,0d66c3719960c4fef3005bc4347237ddfd70047dc2f770378fddc442d20e80a5
2025-03,KZ-KOS,sewerage,104,0d66c3719960c4fef3005bc4347237ddfd70047dc2f770378fddc442d20e80a5
2025-03,KZ-KOS,street_lighting,214,0d66c3719960c4fef3005bc4347237ddfd70047dc2f770378fddc442d20e80a5
2025-03,KZ-KOS,waste_management,141,0d66c3719960c4fef3005bc4347237ddfd70047dc2f770378fddc442d20e80a5
2025-03,KZ-KOS,water_supply,125,0d66c3719960c4fef3005bc4347237ddfd70047dc2f770378fddc442d20e80a5
2025-03,KZ-VKO,electricity,112,bfa29295829a3c7830ffa5d0389a2924676f804464e577931d98bf3d8ffa7716
2025-03,KZ-VKO,heating,1,bfa29295829a3c7830ffa5d0389a2924676f804464e577931d98bf3d8ffa7716
2025-03,KZ-VKO,housing_maintenance,507,bfa29295829a3c7830ffa5d0389a2924676f804464e577931d98bf3d8ffa7716
2025-03,KZ-VKO,landscaping,208,bfa29295829a3c7830ffa5d0389a2924676f804464e577931d98bf3d8ffa7716
2025-03,KZ-VKO,public_transport,6,bfa29295829a3c7830ffa5d0389a2924676f804464e577931d98bf3d8ffa7716
2025-03,KZ-VKO,roads,1006,bfa29295829a3c7830ffa5d0389a2924676f804464e577931d98bf3d8ffa7716
2025-03,KZ-VKO,waste_management,1,bfa29295829a3c7830ffa5d0389a2924676f804464e577931d98bf3d8ffa7716
2025-03,KZ-VKO,water_supply,39,bfa29295829a3c7830ffa5d0389a2924676f804464e577931d98bf3d8ffa7716
2025-04,KZ-ALM,electricity,201,9c423e6699010981ab636de15f16bcc41cd104e918c6641409f025079f73fd8f
2025-04,KZ-ALM,heating,3,9c423e6699010981ab636de15f16bcc41cd104e918c6641409f025079f73fd8f
2025-04,KZ-ALM,housing_maintenance,33,9c423e6699010981ab636de15f16bcc41cd104e918c6641409f025079f73fd8f
2025-04,KZ-ALM,landscaping,39,9c423e6699010981ab636de15f16bcc41cd104e918c6641409f025079f73fd8f
2025-04,KZ-ALM,public_transport,47,9c423e6699010981ab636de15f16bcc41cd104e918c6641409f025079f73fd8f
2025-04,KZ-ALM,roads,31,9c423e6699010981ab636de15f16bcc41cd104e918c6641409f025079f73fd8f
2025-04,KZ-ALM,sewerage,13,9c423e6699010981ab636de15f16bcc41cd104e918c6641409f025079f73fd8f
2025-04,KZ-ALM,street_lighting,66,9c423e6699010981ab636de15f16bcc41cd104e918c6641409f025079f73fd8f
2025-04,KZ-ALM,waste_management,138,9c423e6699010981ab636de15f16bcc41cd104e918c6641409f025079f73fd8f
2025-04,KZ-ALM,water_supply,110,9c423e6699010981ab636de15f16bcc41cd104e918c6641409f025079f73fd8f
2025-04,KZ-KOS,electricity,77,0d66c3719960c4fef3005bc4347237ddfd70047dc2f770378fddc442d20e80a5
2025-04,KZ-KOS,heating,7,0d66c3719960c4fef3005bc4347237ddfd70047dc2f770378fddc442d20e80a5
2025-04,KZ-KOS,housing_maintenance,11,0d66c3719960c4fef3005bc4347237ddfd70047dc2f770378fddc442d20e80a5
2025-04,KZ-KOS,landscaping,224,0d66c3719960c4fef3005bc4347237ddfd70047dc2f770378fddc442d20e80a5
2025-04,KZ-KOS,public_transport,86,0d66c3719960c4fef3005bc4347237ddfd70047dc2f770378fddc442d20e80a5
2025-04,KZ-KOS,roads,531,0d66c3719960c4fef3005bc4347237ddfd70047dc2f770378fddc442d20e80a5
2025-04,KZ-KOS,sewerage,80,0d66c3719960c4fef3005bc4347237ddfd70047dc2f770378fddc442d20e80a5
2025-04,KZ-KOS,street_lighting,312,0d66c3719960c4fef3005bc4347237ddfd70047dc2f770378fddc442d20e80a5
2025-04,KZ-KOS,waste_management,840,0d66c3719960c4fef3005bc4347237ddfd70047dc2f770378fddc442d20e80a5
2025-04,KZ-KOS,water_supply,132,0d66c3719960c4fef3005bc4347237ddfd70047dc2f770378fddc442d20e80a5
2025-04,KZ-VKO,electricity,299,bfa29295829a3c7830ffa5d0389a2924676f804464e577931d98bf3d8ffa7716
2025-04,KZ-VKO,heating,2,bfa29295829a3c7830ffa5d0389a2924676f804464e577931d98bf3d8ffa7716
2025-04,KZ-VKO,housing_maintenance,599,bfa29295829a3c7830ffa5d0389a2924676f804464e577931d98bf3d8ffa7716
2025-04,KZ-VKO,landscaping,141,bfa29295829a3c7830ffa5d0389a2924676f804464e577931d98bf3d8ffa7716
2025-04,KZ-VKO,public_transport,6,bfa29295829a3c7830ffa5d0389a2924676f804464e577931d98bf3d8ffa7716
2025-04,KZ-VKO,roads,97,bfa29295829a3c7830ffa5d0389a2924676f804464e577931d98bf3d8ffa7716
2025-04,KZ-VKO,water_supply,37,bfa29295829a3c7830ffa5d0389a2924676f804464e577931d98bf3d8ffa7716
2025-05,KZ-ALM,electricity,441,9c423e6699010981ab636de15f16bcc41cd104e918c6641409f025079f73fd8f
2025-05,KZ-ALM,heating,2,9c423e6699010981ab636de15f16bcc41cd104e918c6641409f025079f73fd8f
2025-05,KZ-ALM,housing_maintenance,43,9c423e6699010981ab636de15f16bcc41cd104e918c6641409f025079f73fd8f
2025-05,KZ-ALM,landscaping,67,9c423e6699010981ab636de15f16bcc41cd104e918c6641409f025079f73fd8f
2025-05,KZ-ALM,public_transport,34,9c423e6699010981ab636de15f16bcc41cd104e918c6641409f025079f73fd8f
2025-05,KZ-ALM,roads,22,9c423e6699010981ab636de15f16bcc41cd104e918c6641409f025079f73fd8f
2025-05,KZ-ALM,sewerage,19,9c423e6699010981ab636de15f16bcc41cd104e918c6641409f025079f73fd8f
2025-05,KZ-ALM,street_lighting,73,9c423e6699010981ab636de15f16bcc41cd104e918c6641409f025079f73fd8f
2025-05,KZ-ALM,waste_management,132,9c423e6699010981ab636de15f16bcc41cd104e918c6641409f025079f73fd8f
2025-05,KZ-ALM,water_supply,160,9c423e6699010981ab636de15f16bcc41cd104e918c6641409f025079f73fd8f
2025-05,KZ-KOS,electricity,41,0d66c3719960c4fef3005bc4347237ddfd70047dc2f770378fddc442d20e80a5
2025-05,KZ-KOS,heating,13,0d66c3719960c4fef3005bc4347237ddfd70047dc2f770378fddc442d20e80a5
2025-05,KZ-KOS,housing_maintenance,15,0d66c3719960c4fef3005bc4347237ddfd70047dc2f770378fddc442d20e80a5
2025-05,KZ-KOS,landscaping,336,0d66c3719960c4fef3005bc4347237ddfd70047dc2f770378fddc442d20e80a5
2025-05,KZ-KOS,public_transport,62,0d66c3719960c4fef3005bc4347237ddfd70047dc2f770378fddc442d20e80a5
2025-05,KZ-KOS,roads,422,0d66c3719960c4fef3005bc4347237ddfd70047dc2f770378fddc442d20e80a5
2025-05,KZ-KOS,sewerage,106,0d66c3719960c4fef3005bc4347237ddfd70047dc2f770378fddc442d20e80a5
2025-05,KZ-KOS,street_lighting,335,0d66c3719960c4fef3005bc4347237ddfd70047dc2f770378fddc442d20e80a5
2025-05,KZ-KOS,waste_management,284,0d66c3719960c4fef3005bc4347237ddfd70047dc2f770378fddc442d20e80a5
2025-05,KZ-KOS,water_supply,164,0d66c3719960c4fef3005bc4347237ddfd70047dc2f770378fddc442d20e80a5
2025-05,KZ-VKO,electricity,263,bfa29295829a3c7830ffa5d0389a2924676f804464e577931d98bf3d8ffa7716
2025-05,KZ-VKO,heating,5,bfa29295829a3c7830ffa5d0389a2924676f804464e577931d98bf3d8ffa7716
2025-05,KZ-VKO,housing_maintenance,503,bfa29295829a3c7830ffa5d0389a2924676f804464e577931d98bf3d8ffa7716
2025-05,KZ-VKO,landscaping,118,bfa29295829a3c7830ffa5d0389a2924676f804464e577931d98bf3d8ffa7716
2025-05,KZ-VKO,public_transport,9,bfa29295829a3c7830ffa5d0389a2924676f804464e577931d98bf3d8ffa7716
2025-05,KZ-VKO,roads,7,bfa29295829a3c7830ffa5d0389a2924676f804464e577931d98bf3d8ffa7716
2025-05,KZ-VKO,waste_management,1,bfa29295829a3c7830ffa5d0389a2924676f804464e577931d98bf3d8ffa7716
2025-05,KZ-VKO,water_supply,51,bfa29295829a3c7830ffa5d0389a2924676f804464e577931d98bf3d8ffa7716
2025-06,KZ-ALM,electricity,462,9c423e6699010981ab636de15f16bcc41cd104e918c6641409f025079f73fd8f
2025-06,KZ-ALM,housing_maintenance,40,9c423e6699010981ab636de15f16bcc41cd104e918c6641409f025079f73fd8f
2025-06,KZ-ALM,landscaping,63,9c423e6699010981ab636de15f16bcc41cd104e918c6641409f025079f73fd8f
2025-06,KZ-ALM,public_transport,43,9c423e6699010981ab636de15f16bcc41cd104e918c6641409f025079f73fd8f
2025-06,KZ-ALM,roads,30,9c423e6699010981ab636de15f16bcc41cd104e918c6641409f025079f73fd8f
2025-06,KZ-ALM,sewerage,28,9c423e6699010981ab636de15f16bcc41cd104e918c6641409f025079f73fd8f
2025-06,KZ-ALM,street_lighting,86,9c423e6699010981ab636de15f16bcc41cd104e918c6641409f025079f73fd8f
2025-06,KZ-ALM,waste_management,184,9c423e6699010981ab636de15f16bcc41cd104e918c6641409f025079f73fd8f
2025-06,KZ-ALM,water_supply,212,9c423e6699010981ab636de15f16bcc41cd104e918c6641409f025079f73fd8f
2025-06,KZ-KOS,electricity,51,0d66c3719960c4fef3005bc4347237ddfd70047dc2f770378fddc442d20e80a5
2025-06,KZ-KOS,heating,22,0d66c3719960c4fef3005bc4347237ddfd70047dc2f770378fddc442d20e80a5
2025-06,KZ-KOS,housing_maintenance,16,0d66c3719960c4fef3005bc4347237ddfd70047dc2f770378fddc442d20e80a5
2025-06,KZ-KOS,landscaping,329,0d66c3719960c4fef3005bc4347237ddfd70047dc2f770378fddc442d20e80a5
2025-06,KZ-KOS,public_transport,54,0d66c3719960c4fef3005bc4347237ddfd70047dc2f770378fddc442d20e80a5
2025-06,KZ-KOS,roads,336,0d66c3719960c4fef3005bc4347237ddfd70047dc2f770378fddc442d20e80a5
2025-06,KZ-KOS,sewerage,58,0d66c3719960c4fef3005bc4347237ddfd70047dc2f770378fddc442d20e80a5
2025-06,KZ-KOS,street_lighting,213,0d66c3719960c4fef3005bc4347237ddfd70047dc2f770378fddc442d20e80a5
2025-06,KZ-KOS,waste_management,217,0d66c3719960c4fef3005bc4347237ddfd70047dc2f770378fddc442d20e80a5
2025-06,KZ-KOS,water_supply,214,0d66c3719960c4fef3005bc4347237ddfd70047dc2f770378fddc442d20e80a5
2025-06,KZ-TUR,electricity,16,3fd3134177646d970b5badd152166428ec9da0e8f061ecd53c6e5a8d4f51b5af
2025-06,KZ-TUR,landscaping,26,3fd3134177646d970b5badd152166428ec9da0e8f061ecd53c6e5a8d4f51b5af
2025-06,KZ-TUR,public_transport,1,3fd3134177646d970b5badd152166428ec9da0e8f061ecd53c6e5a8d4f51b5af
2025-06,KZ-TUR,roads,7,3fd3134177646d970b5badd152166428ec9da0e8f061ecd53c6e5a8d4f51b5af
2025-06,KZ-TUR,sewerage,7,3fd3134177646d970b5badd152166428ec9da0e8f061ecd53c6e5a8d4f51b5af
2025-06,KZ-TUR,street_lighting,35,3fd3134177646d970b5badd152166428ec9da0e8f061ecd53c6e5a8d4f51b5af
2025-06,KZ-TUR,waste_management,9,3fd3134177646d970b5badd152166428ec9da0e8f061ecd53c6e5a8d4f51b5af
2025-06,KZ-TUR,water_supply,34,3fd3134177646d970b5badd152166428ec9da0e8f061ecd53c6e5a8d4f51b5af
2025-06,KZ-VKO,electricity,355,bfa29295829a3c7830ffa5d0389a2924676f804464e577931d98bf3d8ffa7716
2025-06,KZ-VKO,heating,10,bfa29295829a3c7830ffa5d0389a2924676f804464e577931d98bf3d8ffa7716
2025-06,KZ-VKO,housing_maintenance,573,bfa29295829a3c7830ffa5d0389a2924676f804464e577931d98bf3d8ffa7716
2025-06,KZ-VKO,landscaping,102,bfa29295829a3c7830ffa5d0389a2924676f804464e577931d98bf3d8ffa7716
2025-06,KZ-VKO,public_transport,13,bfa29295829a3c7830ffa5d0389a2924676f804464e577931d98bf3d8ffa7716
2025-06,KZ-VKO,roads,21,bfa29295829a3c7830ffa5d0389a2924676f804464e577931d98bf3d8ffa7716
2025-06,KZ-VKO,water_supply,54,bfa29295829a3c7830ffa5d0389a2924676f804464e577931d98bf3d8ffa7716
2025-07,KZ-AKM,electricity,5,58be9fb5be6b13f3873a4c7c9e74755f3fe097a2515ba7248d6b750bd5daac7c
2025-07,KZ-AKM,housing_maintenance,62,58be9fb5be6b13f3873a4c7c9e74755f3fe097a2515ba7248d6b750bd5daac7c
2025-07,KZ-AKM,landscaping,8,58be9fb5be6b13f3873a4c7c9e74755f3fe097a2515ba7248d6b750bd5daac7c
2025-07,KZ-AKM,public_transport,4,58be9fb5be6b13f3873a4c7c9e74755f3fe097a2515ba7248d6b750bd5daac7c
2025-07,KZ-AKM,roads,25,58be9fb5be6b13f3873a4c7c9e74755f3fe097a2515ba7248d6b750bd5daac7c
2025-07,KZ-AKM,sewerage,134,58be9fb5be6b13f3873a4c7c9e74755f3fe097a2515ba7248d6b750bd5daac7c
2025-07,KZ-AKM,street_lighting,48,58be9fb5be6b13f3873a4c7c9e74755f3fe097a2515ba7248d6b750bd5daac7c
2025-07,KZ-AKM,waste_management,18,58be9fb5be6b13f3873a4c7c9e74755f3fe097a2515ba7248d6b750bd5daac7c
2025-07,KZ-AKM,water_supply,110,58be9fb5be6b13f3873a4c7c9e74755f3fe097a2515ba7248d6b750bd5daac7c
2025-07,KZ-ALM,electricity,538,9c423e6699010981ab636de15f16bcc41cd104e918c6641409f025079f73fd8f
2025-07,KZ-ALM,housing_maintenance,42,9c423e6699010981ab636de15f16bcc41cd104e918c6641409f025079f73fd8f
2025-07,KZ-ALM,landscaping,108,9c423e6699010981ab636de15f16bcc41cd104e918c6641409f025079f73fd8f
2025-07,KZ-ALM,public_transport,76,9c423e6699010981ab636de15f16bcc41cd104e918c6641409f025079f73fd8f
2025-07,KZ-ALM,roads,56,9c423e6699010981ab636de15f16bcc41cd104e918c6641409f025079f73fd8f
2025-07,KZ-ALM,sewerage,36,9c423e6699010981ab636de15f16bcc41cd104e918c6641409f025079f73fd8f
2025-07,KZ-ALM,street_lighting,118,9c423e6699010981ab636de15f16bcc41cd104e918c6641409f025079f73fd8f
2025-07,KZ-ALM,waste_management,207,9c423e6699010981ab636de15f16bcc41cd104e918c6641409f025079f73fd8f
2025-07,KZ-ALM,water_supply,297,9c423e6699010981ab636de15f16bcc41cd104e918c6641409f025079f73fd8f
2025-07,KZ-KOS,electricity,44,0d66c3719960c4fef3005bc4347237ddfd70047dc2f770378fddc442d20e80a5
2025-07,KZ-KOS,heating,5,0d66c3719960c4fef3005bc4347237ddfd70047dc2f770378fddc442d20e80a5
2025-07,KZ-KOS,housing_maintenance,13,0d66c3719960c4fef3005bc4347237ddfd70047dc2f770378fddc442d20e80a5
2025-07,KZ-KOS,landscaping,263,0d66c3719960c4fef3005bc4347237ddfd70047dc2f770378fddc442d20e80a5
2025-07,KZ-KOS,public_transport,60,0d66c3719960c4fef3005bc4347237ddfd70047dc2f770378fddc442d20e80a5
2025-07,KZ-KOS,roads,397,0d66c3719960c4fef3005bc4347237ddfd70047dc2f770378fddc442d20e80a5
2025-07,KZ-KOS,sewerage,82,0d66c3719960c4fef3005bc4347237ddfd70047dc2f770378fddc442d20e80a5
2025-07,KZ-KOS,street_lighting,226,0d66c3719960c4fef3005bc4347237ddfd70047dc2f770378fddc442d20e80a5
2025-07,KZ-KOS,waste_management,194,0d66c3719960c4fef3005bc4347237ddfd70047dc2f770378fddc442d20e80a5
2025-07,KZ-KOS,water_supply,159,0d66c3719960c4fef3005bc4347237ddfd70047dc2f770378fddc442d20e80a5
2025-07,KZ-TUR,electricity,1183,3fd3134177646d970b5badd152166428ec9da0e8f061ecd53c6e5a8d4f51b5af
2025-07,KZ-TUR,landscaping,321,3fd3134177646d970b5badd152166428ec9da0e8f061ecd53c6e5a8d4f51b5af
2025-07,KZ-TUR,public_transport,201,3fd3134177646d970b5badd152166428ec9da0e8f061ecd53c6e5a8d4f51b5af
2025-07,KZ-TUR,roads,233,3fd3134177646d970b5badd152166428ec9da0e8f061ecd53c6e5a8d4f51b5af
2025-07,KZ-TUR,sewerage,152,3fd3134177646d970b5badd152166428ec9da0e8f061ecd53c6e5a8d4f51b5af
2025-07,KZ-TUR,street_lighting,805,3fd3134177646d970b5badd152166428ec9da0e8f061ecd53c6e5a8d4f51b5af
2025-07,KZ-TUR,waste_management,486,3fd3134177646d970b5badd152166428ec9da0e8f061ecd53c6e5a8d4f51b5af
2025-07,KZ-TUR,water_supply,1504,3fd3134177646d970b5badd152166428ec9da0e8f061ecd53c6e5a8d4f51b5af
2025-07,KZ-VKO,electricity,573,bfa29295829a3c7830ffa5d0389a2924676f804464e577931d98bf3d8ffa7716
2025-07,KZ-VKO,heating,13,bfa29295829a3c7830ffa5d0389a2924676f804464e577931d98bf3d8ffa7716
2025-07,KZ-VKO,housing_maintenance,789,bfa29295829a3c7830ffa5d0389a2924676f804464e577931d98bf3d8ffa7716
2025-07,KZ-VKO,landscaping,172,bfa29295829a3c7830ffa5d0389a2924676f804464e577931d98bf3d8ffa7716
2025-07,KZ-VKO,public_transport,13,bfa29295829a3c7830ffa5d0389a2924676f804464e577931d98bf3d8ffa7716
2025-07,KZ-VKO,roads,3,bfa29295829a3c7830ffa5d0389a2924676f804464e577931d98bf3d8ffa7716
2025-07,KZ-VKO,water_supply,101,bfa29295829a3c7830ffa5d0389a2924676f804464e577931d98bf3d8ffa7716
2025-08,KZ-AKM,electricity,6,58be9fb5be6b13f3873a4c7c9e74755f3fe097a2515ba7248d6b750bd5daac7c
2025-08,KZ-AKM,heating,1,58be9fb5be6b13f3873a4c7c9e74755f3fe097a2515ba7248d6b750bd5daac7c
2025-08,KZ-AKM,housing_maintenance,53,58be9fb5be6b13f3873a4c7c9e74755f3fe097a2515ba7248d6b750bd5daac7c
2025-08,KZ-AKM,landscaping,9,58be9fb5be6b13f3873a4c7c9e74755f3fe097a2515ba7248d6b750bd5daac7c
2025-08,KZ-AKM,public_transport,6,58be9fb5be6b13f3873a4c7c9e74755f3fe097a2515ba7248d6b750bd5daac7c
2025-08,KZ-AKM,roads,58,58be9fb5be6b13f3873a4c7c9e74755f3fe097a2515ba7248d6b750bd5daac7c
2025-08,KZ-AKM,sewerage,288,58be9fb5be6b13f3873a4c7c9e74755f3fe097a2515ba7248d6b750bd5daac7c
2025-08,KZ-AKM,street_lighting,53,58be9fb5be6b13f3873a4c7c9e74755f3fe097a2515ba7248d6b750bd5daac7c
2025-08,KZ-AKM,waste_management,28,58be9fb5be6b13f3873a4c7c9e74755f3fe097a2515ba7248d6b750bd5daac7c
2025-08,KZ-AKM,water_supply,68,58be9fb5be6b13f3873a4c7c9e74755f3fe097a2515ba7248d6b750bd5daac7c
2025-08,KZ-ALM,electricity,614,9c423e6699010981ab636de15f16bcc41cd104e918c6641409f025079f73fd8f
2025-08,KZ-ALM,heating,1,9c423e6699010981ab636de15f16bcc41cd104e918c6641409f025079f73fd8f
2025-08,KZ-ALM,housing_maintenance,54,9c423e6699010981ab636de15f16bcc41cd104e918c6641409f025079f73fd8f
2025-08,KZ-ALM,landscaping,68,9c423e6699010981ab636de15f16bcc41cd104e918c6641409f025079f73fd8f
2025-08,KZ-ALM,public_transport,115,9c423e6699010981ab636de15f16bcc41cd104e918c6641409f025079f73fd8f
2025-08,KZ-ALM,roads,72,9c423e6699010981ab636de15f16bcc41cd104e918c6641409f025079f73fd8f
2025-08,KZ-ALM,sewerage,26,9c423e6699010981ab636de15f16bcc41cd104e918c6641409f025079f73fd8f
2025-08,KZ-ALM,street_lighting,165,9c423e6699010981ab636de15f16bcc41cd104e918c6641409f025079f73fd8f
2025-08,KZ-ALM,waste_management,172,9c423e6699010981ab636de15f16bcc41cd104e918c6641409f025079f73fd8f
2025-08,KZ-ALM,water_supply,160,9c423e6699010981ab636de15f16bcc41cd104e918c6641409f025079f73fd8f
2025-08,KZ-KOS,electricity,46,0d66c3719960c4fef3005bc4347237ddfd70047dc2f770378fddc442d20e80a5
2025-08,KZ-KOS,heating,12,0d66c3719960c4fef3005bc4347237ddfd70047dc2f770378fddc442d20e80a5
2025-08,KZ-KOS,housing_maintenance,10,0d66c3719960c4fef3005bc4347237ddfd70047dc2f770378fddc442d20e80a5
2025-08,KZ-KOS,landscaping,190,0d66c3719960c4fef3005bc4347237ddfd70047dc2f770378fddc442d20e80a5
2025-08,KZ-KOS,public_transport,71,0d66c3719960c4fef3005bc4347237ddfd70047dc2f770378fddc442d20e80a5
2025-08,KZ-KOS,roads,318,0d66c3719960c4fef3005bc4347237ddfd70047dc2f770378fddc442d20e80a5
2025-08,KZ-KOS,sewerage,85,0d66c3719960c4fef3005bc4347237ddfd70047dc2f770378fddc442d20e80a5
2025-08,KZ-KOS,street_lighting,301,0d66c3719960c4fef3005bc4347237ddfd70047dc2f770378fddc442d20e80a5
2025-08,KZ-KOS,waste_management,203,0d66c3719960c4fef3005bc4347237ddfd70047dc2f770378fddc442d20e80a5
2025-08,KZ-KOS,water_supply,199,0d66c3719960c4fef3005bc4347237ddfd70047dc2f770378fddc442d20e80a5
2025-08,KZ-TUR,electricity,631,3fd3134177646d970b5badd152166428ec9da0e8f061ecd53c6e5a8d4f51b5af
2025-08,KZ-TUR,heating,1,3fd3134177646d970b5badd152166428ec9da0e8f061ecd53c6e5a8d4f51b5af
2025-08,KZ-TUR,housing_maintenance,1,3fd3134177646d970b5badd152166428ec9da0e8f061ecd53c6e5a8d4f51b5af
2025-08,KZ-TUR,landscaping,243,3fd3134177646d970b5badd152166428ec9da0e8f061ecd53c6e5a8d4f51b5af
2025-08,KZ-TUR,public_transport,125,3fd3134177646d970b5badd152166428ec9da0e8f061ecd53c6e5a8d4f51b5af
2025-08,KZ-TUR,roads,180,3fd3134177646d970b5badd152166428ec9da0e8f061ecd53c6e5a8d4f51b5af
2025-08,KZ-TUR,sewerage,165,3fd3134177646d970b5badd152166428ec9da0e8f061ecd53c6e5a8d4f51b5af
2025-08,KZ-TUR,street_lighting,569,3fd3134177646d970b5badd152166428ec9da0e8f061ecd53c6e5a8d4f51b5af
2025-08,KZ-TUR,waste_management,409,3fd3134177646d970b5badd152166428ec9da0e8f061ecd53c6e5a8d4f51b5af
2025-08,KZ-TUR,water_supply,881,3fd3134177646d970b5badd152166428ec9da0e8f061ecd53c6e5a8d4f51b5af
2025-08,KZ-VKO,electricity,616,bfa29295829a3c7830ffa5d0389a2924676f804464e577931d98bf3d8ffa7716
2025-08,KZ-VKO,heating,31,bfa29295829a3c7830ffa5d0389a2924676f804464e577931d98bf3d8ffa7716
2025-08,KZ-VKO,housing_maintenance,828,bfa29295829a3c7830ffa5d0389a2924676f804464e577931d98bf3d8ffa7716
2025-08,KZ-VKO,landscaping,171,bfa29295829a3c7830ffa5d0389a2924676f804464e577931d98bf3d8ffa7716
2025-08,KZ-VKO,public_transport,15,bfa29295829a3c7830ffa5d0389a2924676f804464e577931d98bf3d8ffa7716
2025-08,KZ-VKO,roads,15,bfa29295829a3c7830ffa5d0389a2924676f804464e577931d98bf3d8ffa7716
2025-08,KZ-VKO,water_supply,76,bfa29295829a3c7830ffa5d0389a2924676f804464e577931d98bf3d8ffa7716
2025-09,KZ-AKM,electricity,9,58be9fb5be6b13f3873a4c7c9e74755f3fe097a2515ba7248d6b750bd5daac7c
2025-09,KZ-AKM,heating,39,58be9fb5be6b13f3873a4c7c9e74755f3fe097a2515ba7248d6b750bd5daac7c
2025-09,KZ-AKM,housing_maintenance,52,58be9fb5be6b13f3873a4c7c9e74755f3fe097a2515ba7248d6b750bd5daac7c
2025-09,KZ-AKM,public_transport,6,58be9fb5be6b13f3873a4c7c9e74755f3fe097a2515ba7248d6b750bd5daac7c
2025-09,KZ-AKM,roads,52,58be9fb5be6b13f3873a4c7c9e74755f3fe097a2515ba7248d6b750bd5daac7c
2025-09,KZ-AKM,sewerage,116,58be9fb5be6b13f3873a4c7c9e74755f3fe097a2515ba7248d6b750bd5daac7c
2025-09,KZ-AKM,street_lighting,46,58be9fb5be6b13f3873a4c7c9e74755f3fe097a2515ba7248d6b750bd5daac7c
2025-09,KZ-AKM,waste_management,19,58be9fb5be6b13f3873a4c7c9e74755f3fe097a2515ba7248d6b750bd5daac7c
2025-09,KZ-AKM,water_supply,57,58be9fb5be6b13f3873a4c7c9e74755f3fe097a2515ba7248d6b750bd5daac7c
2025-09,KZ-ALM,electricity,374,9c423e6699010981ab636de15f16bcc41cd104e918c6641409f025079f73fd8f
2025-09,KZ-ALM,heating,3,9c423e6699010981ab636de15f16bcc41cd104e918c6641409f025079f73fd8f
2025-09,KZ-ALM,housing_maintenance,43,9c423e6699010981ab636de15f16bcc41cd104e918c6641409f025079f73fd8f
2025-09,KZ-ALM,landscaping,51,9c423e6699010981ab636de15f16bcc41cd104e918c6641409f025079f73fd8f
2025-09,KZ-ALM,public_transport,56,9c423e6699010981ab636de15f16bcc41cd104e918c6641409f025079f73fd8f
2025-09,KZ-ALM,roads,69,9c423e6699010981ab636de15f16bcc41cd104e918c6641409f025079f73fd8f
2025-09,KZ-ALM,sewerage,34,9c423e6699010981ab636de15f16bcc41cd104e918c6641409f025079f73fd8f
2025-09,KZ-ALM,street_lighting,167,9c423e6699010981ab636de15f16bcc41cd104e918c6641409f025079f73fd8f
2025-09,KZ-ALM,waste_management,79,9c423e6699010981ab636de15f16bcc41cd104e918c6641409f025079f73fd8f
2025-09,KZ-ALM,water_supply,170,9c423e6699010981ab636de15f16bcc41cd104e918c6641409f025079f73fd8f
2025-09,KZ-KOS,electricity,79,0d66c3719960c4fef3005bc4347237ddfd70047dc2f770378fddc442d20e80a5
2025-09,KZ-KOS,heating,26,0d66c3719960c4fef3005bc4347237ddfd70047dc2f770378fddc442d20e80a5
2025-09,KZ-KOS,housing_maintenance,2,0d66c3719960c4fef3005bc4347237ddfd70047dc2f770378fddc442d20e80a5
2025-09,KZ-KOS,landscaping,376,0d66c3719960c4fef3005bc4347237ddfd70047dc2f770378fddc442d20e80a5
2025-09,KZ-KOS,public_transport,177,0d66c3719960c4fef3005bc4347237ddfd70047dc2f770378fddc442d20e80a5
2025-09,KZ-KOS,roads,284,0d66c3719960c4fef3005bc4347237ddfd70047dc2f770378fddc442d20e80a5
2025-09,KZ-KOS,sewerage,49,0d66c3719960c4fef3005bc4347237ddfd70047dc2f770378fddc442d20e80a5
2025-09,KZ-KOS,street_lighting,368,0d66c3719960c4fef3005bc4347237ddfd70047dc2f770378fddc442d20e80a5
2025-09,KZ-KOS,waste_management,185,0d66c3719960c4fef3005bc4347237ddfd70047dc2f770378fddc442d20e80a5
2025-09,KZ-KOS,water_supply,189,0d66c3719960c4fef3005bc4347237ddfd70047dc2f770378fddc442d20e80a5
2025-09,KZ-TUR,electricity,548,3fd3134177646d970b5badd152166428ec9da0e8f061ecd53c6e5a8d4f51b5af
2025-09,KZ-TUR,heating,4,3fd3134177646d970b5badd152166428ec9da0e8f061ecd53c6e5a8d4f51b5af
2025-09,KZ-TUR,landscaping,217,3fd3134177646d970b5badd152166428ec9da0e8f061ecd53c6e5a8d4f51b5af
2025-09,KZ-TUR,public_transport,163,3fd3134177646d970b5badd152166428ec9da0e8f061ecd53c6e5a8d4f51b5af
2025-09,KZ-TUR,roads,170,3fd3134177646d970b5badd152166428ec9da0e8f061ecd53c6e5a8d4f51b5af
2025-09,KZ-TUR,sewerage,146,3fd3134177646d970b5badd152166428ec9da0e8f061ecd53c6e5a8d4f51b5af
2025-09,KZ-TUR,street_lighting,671,3fd3134177646d970b5badd152166428ec9da0e8f061ecd53c6e5a8d4f51b5af
2025-09,KZ-TUR,waste_management,303,3fd3134177646d970b5badd152166428ec9da0e8f061ecd53c6e5a8d4f51b5af
2025-09,KZ-TUR,water_supply,639,3fd3134177646d970b5badd152166428ec9da0e8f061ecd53c6e5a8d4f51b5af
2025-09,KZ-VKO,electricity,434,bfa29295829a3c7830ffa5d0389a2924676f804464e577931d98bf3d8ffa7716
2025-09,KZ-VKO,heating,1,bfa29295829a3c7830ffa5d0389a2924676f804464e577931d98bf3d8ffa7716
2025-09,KZ-VKO,housing_maintenance,659,bfa29295829a3c7830ffa5d0389a2924676f804464e577931d98bf3d8ffa7716
2025-09,KZ-VKO,landscaping,112,bfa29295829a3c7830ffa5d0389a2924676f804464e577931d98bf3d8ffa7716
2025-09,KZ-VKO,public_transport,4,bfa29295829a3c7830ffa5d0389a2924676f804464e577931d98bf3d8ffa7716
2025-09,KZ-VKO,roads,3,bfa29295829a3c7830ffa5d0389a2924676f804464e577931d98bf3d8ffa7716
2025-09,KZ-VKO,water_supply,34,bfa29295829a3c7830ffa5d0389a2924676f804464e577931d98bf3d8ffa7716
2025-10,KZ-AKM,electricity,6,58be9fb5be6b13f3873a4c7c9e74755f3fe097a2515ba7248d6b750bd5daac7c
2025-10,KZ-AKM,heating,68,58be9fb5be6b13f3873a4c7c9e74755f3fe097a2515ba7248d6b750bd5daac7c
2025-10,KZ-AKM,housing_maintenance,44,58be9fb5be6b13f3873a4c7c9e74755f3fe097a2515ba7248d6b750bd5daac7c
2025-10,KZ-AKM,landscaping,8,58be9fb5be6b13f3873a4c7c9e74755f3fe097a2515ba7248d6b750bd5daac7c
2025-10,KZ-AKM,public_transport,13,58be9fb5be6b13f3873a4c7c9e74755f3fe097a2515ba7248d6b750bd5daac7c
2025-10,KZ-AKM,roads,35,58be9fb5be6b13f3873a4c7c9e74755f3fe097a2515ba7248d6b750bd5daac7c
2025-10,KZ-AKM,sewerage,237,58be9fb5be6b13f3873a4c7c9e74755f3fe097a2515ba7248d6b750bd5daac7c
2025-10,KZ-AKM,street_lighting,42,58be9fb5be6b13f3873a4c7c9e74755f3fe097a2515ba7248d6b750bd5daac7c
2025-10,KZ-AKM,waste_management,42,58be9fb5be6b13f3873a4c7c9e74755f3fe097a2515ba7248d6b750bd5daac7c
2025-10,KZ-AKM,water_supply,98,58be9fb5be6b13f3873a4c7c9e74755f3fe097a2515ba7248d6b750bd5daac7c
2025-10,KZ-ALM,electricity,378,9c423e6699010981ab636de15f16bcc41cd104e918c6641409f025079f73fd8f
2025-10,KZ-ALM,heating,87,9c423e6699010981ab636de15f16bcc41cd104e918c6641409f025079f73fd8f
2025-10,KZ-ALM,housing_maintenance,24,9c423e6699010981ab636de15f16bcc41cd104e918c6641409f025079f73fd8f
2025-10,KZ-ALM,landscaping,42,9c423e6699010981ab636de15f16bcc41cd104e918c6641409f025079f73fd8f
2025-10,KZ-ALM,public_transport,118,9c423e6699010981ab636de15f16bcc41cd104e918c6641409f025079f73fd8f
2025-10,KZ-ALM,roads,91,9c423e6699010981ab636de15f16bcc41cd104e918c6641409f025079f73fd8f
2025-10,KZ-ALM,sewerage,22,9c423e6699010981ab636de15f16bcc41cd104e918c6641409f025079f73fd8f
2025-10,KZ-ALM,street_lighting,170,9c423e6699010981ab636de15f16bcc41cd104e918c6641409f025079f73fd8f
2025-10,KZ-ALM,waste_management,52,9c423e6699010981ab636de15f16bcc41cd104e918c6641409f025079f73fd8f
2025-10,KZ-ALM,water_supply,260,9c423e6699010981ab636de15f16bcc41cd104e918c6641409f025079f73fd8f
2025-10,KZ-KOS,electricity,28,0d66c3719960c4fef3005bc4347237ddfd70047dc2f770378fddc442d20e80a5
2025-10,KZ-KOS,heating,84,0d66c3719960c4fef3005bc4347237ddfd70047dc2f770378fddc442d20e80a5
2025-10,KZ-KOS,housing_maintenance,19,0d66c3719960c4fef3005bc4347237ddfd70047dc2f770378fddc442d20e80a5
2025-10,KZ-KOS,landscaping,296,0d66c3719960c4fef3005bc4347237ddfd70047dc2f770378fddc442d20e80a5
2025-10,KZ-KOS,public_transport,86,0d66c3719960c4fef3005bc4347237ddfd70047dc2f770378fddc442d20e80a5
2025-10,KZ-KOS,roads,153,0d66c3719960c4fef3005bc4347237ddfd70047dc2f770378fddc442d20e80a5
2025-10,KZ-KOS,sewerage,47,0d66c3719960c4fef3005bc4347237ddfd70047dc2f770378fddc442d20e80a5
2025-10,KZ-KOS,street_lighting,324,0d66c3719960c4fef3005bc4347237ddfd70047dc2f770378fddc442d20e80a5
2025-10,KZ-KOS,waste_management,347,0d66c3719960c4fef3005bc4347237ddfd70047dc2f770378fddc442d20e80a5
2025-10,KZ-KOS,water_supply,162,0d66c3719960c4fef3005bc4347237ddfd70047dc2f770378fddc442d20e80a5
2025-10,KZ-TUR,electricity,359,3fd3134177646d970b5badd152166428ec9da0e8f061ecd53c6e5a8d4f51b5af
2025-10,KZ-TUR,heating,6,3fd3134177646d970b5badd152166428ec9da0e8f061ecd53c6e5a8d4f51b5af
2025-10,KZ-TUR,landscaping,154,3fd3134177646d970b5badd152166428ec9da0e8f061ecd53c6e5a8d4f51b5af
2025-10,KZ-TUR,public_transport,145,3fd3134177646d970b5badd152166428ec9da0e8f061ecd53c6e5a8d4f51b5af
2025-10,KZ-TUR,roads,138,3fd3134177646d970b5badd152166428ec9da0e8f061ecd53c6e5a8d4f51b5af
2025-10,KZ-TUR,sewerage,104,3fd3134177646d970b5badd152166428ec9da0e8f061ecd53c6e5a8d4f51b5af
2025-10,KZ-TUR,street_lighting,333,3fd3134177646d970b5badd152166428ec9da0e8f061ecd53c6e5a8d4f51b5af
2025-10,KZ-TUR,waste_management,210,3fd3134177646d970b5badd152166428ec9da0e8f061ecd53c6e5a8d4f51b5af
2025-10,KZ-TUR,water_supply,406,3fd3134177646d970b5badd152166428ec9da0e8f061ecd53c6e5a8d4f51b5af
2025-10,KZ-VKO,electricity,250,bfa29295829a3c7830ffa5d0389a2924676f804464e577931d98bf3d8ffa7716
2025-10,KZ-VKO,heating,12,bfa29295829a3c7830ffa5d0389a2924676f804464e577931d98bf3d8ffa7716
2025-10,KZ-VKO,housing_maintenance,638,bfa29295829a3c7830ffa5d0389a2924676f804464e577931d98bf3d8ffa7716
2025-10,KZ-VKO,landscaping,90,bfa29295829a3c7830ffa5d0389a2924676f804464e577931d98bf3d8ffa7716
2025-10,KZ-VKO,public_transport,6,bfa29295829a3c7830ffa5d0389a2924676f804464e577931d98bf3d8ffa7716
2025-10,KZ-VKO,roads,118,bfa29295829a3c7830ffa5d0389a2924676f804464e577931d98bf3d8ffa7716
2025-10,KZ-VKO,waste_management,1,bfa29295829a3c7830ffa5d0389a2924676f804464e577931d98bf3d8ffa7716
2025-10,KZ-VKO,water_supply,78,bfa29295829a3c7830ffa5d0389a2924676f804464e577931d98bf3d8ffa7716
2025-11,KZ-AKM,electricity,2,58be9fb5be6b13f3873a4c7c9e74755f3fe097a2515ba7248d6b750bd5daac7c
2025-11,KZ-AKM,heating,1,58be9fb5be6b13f3873a4c7c9e74755f3fe097a2515ba7248d6b750bd5daac7c
2025-11,KZ-AKM,housing_maintenance,12,58be9fb5be6b13f3873a4c7c9e74755f3fe097a2515ba7248d6b750bd5daac7c
2025-11,KZ-AKM,public_transport,3,58be9fb5be6b13f3873a4c7c9e74755f3fe097a2515ba7248d6b750bd5daac7c
2025-11,KZ-AKM,roads,9,58be9fb5be6b13f3873a4c7c9e74755f3fe097a2515ba7248d6b750bd5daac7c
2025-11,KZ-AKM,sewerage,39,58be9fb5be6b13f3873a4c7c9e74755f3fe097a2515ba7248d6b750bd5daac7c
2025-11,KZ-AKM,street_lighting,9,58be9fb5be6b13f3873a4c7c9e74755f3fe097a2515ba7248d6b750bd5daac7c
2025-11,KZ-AKM,waste_management,2,58be9fb5be6b13f3873a4c7c9e74755f3fe097a2515ba7248d6b750bd5daac7c
2025-11,KZ-AKM,water_supply,12,58be9fb5be6b13f3873a4c7c9e74755f3fe097a2515ba7248d6b750bd5daac7c
2025-11,KZ-ALM,electricity,209,9c423e6699010981ab636de15f16bcc41cd104e918c6641409f025079f73fd8f
2025-11,KZ-ALM,heating,29,9c423e6699010981ab636de15f16bcc41cd104e918c6641409f025079f73fd8f
2025-11,KZ-ALM,housing_maintenance,15,9c423e6699010981ab636de15f16bcc41cd104e918c6641409f025079f73fd8f
2025-11,KZ-ALM,landscaping,17,9c423e6699010981ab636de15f16bcc41cd104e918c6641409f025079f73fd8f
2025-11,KZ-ALM,public_transport,19,9c423e6699010981ab636de15f16bcc41cd104e918c6641409f025079f73fd8f
2025-11,KZ-ALM,roads,22,9c423e6699010981ab636de15f16bcc41cd104e918c6641409f025079f73fd8f
2025-11,KZ-ALM,sewerage,13,9c423e6699010981ab636de15f16bcc41cd104e918c6641409f025079f73fd8f
2025-11,KZ-ALM,street_lighting,38,9c423e6699010981ab636de15f16bcc41cd104e918c6641409f025079f73fd8f
2025-11,KZ-ALM,waste_management,27,9c423e6699010981ab636de15f16bcc41cd104e918c6641409f025079f73fd8f
2025-11,KZ-ALM,water_supply,57,9c423e6699010981ab636de15f16bcc41cd104e918c6641409f025079f73fd8f
2025-11,KZ-KOS,electricity,1,0d66c3719960c4fef3005bc4347237ddfd70047dc2f770378fddc442d20e80a5
2025-11,KZ-KOS,heating,1,0d66c3719960c4fef3005bc4347237ddfd70047dc2f770378fddc442d20e80a5
2025-11,KZ-KOS,housing_maintenance,1,0d66c3719960c4fef3005bc4347237ddfd70047dc2f770378fddc442d20e80a5
2025-11,KZ-KOS,landscaping,3,0d66c3719960c4fef3005bc4347237ddfd70047dc2f770378fddc442d20e80a5
2025-11,KZ-KOS,public_transport,5,0d66c3719960c4fef3005bc4347237ddfd70047dc2f770378fddc442d20e80a5
2025-11,KZ-KOS,roads,15,0d66c3719960c4fef3005bc4347237ddfd70047dc2f770378fddc442d20e80a5
2025-11,KZ-KOS,sewerage,8,0d66c3719960c4fef3005bc4347237ddfd70047dc2f770378fddc442d20e80a5
2025-11,KZ-KOS,street_lighting,8,0d66c3719960c4fef3005bc4347237ddfd70047dc2f770378fddc442d20e80a5
2025-11,KZ-KOS,waste_management,2,0d66c3719960c4fef3005bc4347237ddfd70047dc2f770378fddc442d20e80a5
2025-11,KZ-KOS,water_supply,15,0d66c3719960c4fef3005bc4347237ddfd70047dc2f770378fddc442d20e80a5
